PSS_SCHOOL_ID,PSS_INST,LoGrade,HiGrade,PSS_ADDRESS,PSS_CITY,PSS_COUNTY_NO,PSS_COUNTY_FIPS,PSS_STABB,PSS_FIPS,PSS_ZIP5,PSS_PHONE,PSS_SCH_DAYS,PSS_STU_DAY_HRS,PSS_LIBRARY,PSS_ENROLL_UG,PSS_ENROLL_PK,PSS_ENROLL_K,PSS_ENROLL_1,PSS_ENROLL_2,PSS_ENROLL_3,PSS_ENROLL_4,PSS_ENROLL_5,PSS_ENROLL_6,PSS_ENROLL_7,PSS_ENROLL_8,PSS_ENROLL_9,PSS_ENROLL_10,PSS_ENROLL_11,PSS_ENROLL_12,PSS_ENROLL_T,PSS_ENROLL_TK12,PSS_RACE_AI,PSS_RACE_AS,PSS_RACE_H,PSS_RACE_B,PSS_RACE_W,PSS_RACE_P,PSS_RACE_2,PSS_FTE_TEACH,PSS_LOCALE,PSS_COED,PSS_TYPE,PSS_LEVEL,PSS_RELIG,PSS_COMM_TYPE,PSS_INDIAN_PCT,PSS_ASIAN_PCT,PSS_HISP_PCT,PSS_BLACK_PCT,PSS_WHITE_PCT,PSS_PACISL_PCT,PSS_TWOMORE_PCT,PSS_STDTCH_RT,PSS_ORIENT,PSS_COUNTY_NAME,PSS_ASSOC_1,PSS_ASSOC_2,PSS_ASSOC_3,PSS_ASSOC_4,PSS_ASSOC_5,PSS_ASSOC_6,PSS_ASSOC_7,PSS_ASSOC_8,PSS_ASSOC_9,PSS_ASSOC_10,PSS_ASSOC_11,PSS_ASSOC_12,PSS_ASSOC_13,PSS_ASSOC_14,PSS_ASSOC_15
A9700074,91ST PSALM CHRISTIAN SCHOOL,2,17,2020 E BASELINE RD,PHOENIX,4013,13,AZ,4,85042,6022431900,180,7.41,No,,17,18,13,15,16,17,13,12,16,6,10,10,2,7,172,155,1,4,89,13,43,0,5,15.3,11,1,1,3,2,1,0.64,2.58,57.41,8.38,27.74,0,3.22,10.13,8,MARICOPA,Association of Christian Schools International (ACSI),,,,,,,,,,,,,,
A1970230,A PLACE 4 EVERYONE LEARNING CENTER,2,11,7040 E SPRST SPG BLVD,MESA,4013,13,AZ,4,85209,4809856797,180,6,No,5,10,28,8,5,,,2,3,,,,,,,61,51,3,0,14,6,23,5,0,6.4,11,1,4,1,3,1,5.88,0,27.45,11.76,45.09,9.8,0,7.96,30,MARICOPA,School does not belong to ANY associations or organizations,,,,,,,,,,,,,,
A9100380,ACCEL,3,17,10251 N 35TH AVE,PHOENIX,4013,13,AZ,4,85051,6029957366,180,6,Yes,,,1,8,6,13,8,19,11,22,22,19,12,18,25,184,184,3,1,73,23,79,0,5,19,11,1,4,3,3,1,1.63,0.54,39.67,12.5,42.93,0,2.71,9.68,30,MARICOPA,National Association of Private Special Education Centers (NAPSEC),,,,,,,,,,,,,,
A2100146,ACCEL EAST CAMPUS,3,17,1430 E BASELINE RD,TEMPE,4013,13,AZ,4,85283,4807559379,180,6,No,,,2,2,3,3,2,3,,7,9,1,6,6,17,61,61,1,3,15,12,29,0,1,7,12,1,4,3,3,1,1.63,4.91,24.59,19.67,47.54,0,1.63,8.71,30,MARICOPA,National Association of Private Special Education Centers (NAPSEC),,,,,,,,,,,,,,
A2100148,ACES-PEORIA,3,17,6815 W CACTUS RD,PEORIA,4013,13,AZ,4,85381,6239375090,186,6,Yes,,,,,,,,,,,,,,,,,,,,,,,,,36,21,1,4,3,3,2,,,,,,,,,30,MARICOPA,National Association of Private Special Education Centers (NAPSEC),,,,,,,,,,,,,,
BB220005,ACTON ACADEMY PHOENIX,2,12,3330 E CAMELBACK RD,PHOENIX,4013,13,AZ,4,85018,9787954342,169,6.75,No,,2,7,2,,4,5,1,2,2,,,,,,25,23,2,0,2,0,18,0,1,4,11,1,6,1,3,1,8.69,0,8.69,0,78.26,0,4.34,5.75,30,MARICOPA,School does not belong to ANY associations or organizations,,,,,,,,,,,,,,
A1900086,ADOBE ADVENTIST CHRISTIAN SCHOOL,3,13,9910 E ADOBE RD,MESA,4013,13,AZ,4,85207,4806885416,180,7.5,Yes,,,2,1,3,1,1,1,2,3,3,,,,,17,17,0,0,10,0,7,0,0,1.9,21,1,1,1,2,2,0,0,58.82,0,41.17,0,0,8.94,28,MARICOPA,General Conference of the Seventh-Day Adventist Church (GCSDAC),,,,,,,,,,,,,,
A0900114,AHWATUKEE FOOTHILLS MONTESSORI,2,3,3221 E CHANDLER BLVD,PHOENIX,4013,13,AZ,4,85048,4807593810,200,5.5,No,,68,9,,,,,,,,,,,,,77,9,0,2,0,1,6,0,0,9,11,1,7,1,3,1,0,22.22,0,11.11,66.66,0,0,1,30,MARICOPA,American Montessori Society (AMS),,,,,,,,,,,,,,
A1900088,ALL SAINTS CATHOLIC SCHOOL,2,13,1425 E YAQUI ST,SIERRA VISTA,4003,3,AZ,4,85650,5203787012,180,7,Yes,,22,12,15,8,9,8,6,5,4,2,,,,,91,69,1,3,36,0,25,1,3,8.3,41,1,1,1,1,4,1.44,4.34,52.17,0,36.23,1.44,4.34,8.31,1,COCHISE,School does not belong to ANY associations or organizations,,,,,,,,,,,,,,
31764,ALL SAINTS' EPISCOPAL DAY SCHOOL,2,13,6300 N CENTRAL AVE,PHOENIX,4013,13,AZ,4,85012,6022744866,173,7,Yes,,30,41,48,49,49,53,62,61,63,68,,,,,524,494,1,29,57,20,330,1,56,51.6,11,1,1,1,2,1,0.2,5.87,11.53,4.04,66.8,0.2,11.33,9.57,14,MARICOPA,National Association of Episcopal Schools (NAES),National Association of Independent Schools (NAIS),State or regional independent school association,Other school association(s),,,,,,,,,,,
A1100025,ANNUNCIATION CATHOLIC SCHOOL,3,13,32648 N CAVE CREEK RD,CAVE CREEK,4013,13,AZ,4,85331,4803618234,180,7,Yes,,,23,27,27,27,27,25,26,27,27,,,,,236,236,2,7,47,3,155,0,22,14,11,1,1,1,1,1,0.84,2.96,19.91,1.27,65.67,0,9.32,16.85,1,MARICOPA,National Catholic Educational Association (NCEA),,,,,,,,,,,,,,
A1900091,APACHE BAPTIST ACADEMY,3,12,PO BOX 236,BYLAS,4009,9,AZ,4,85530,9289610270,180,6,No,,,5,,,2,2,1,,1,,,,,,11,11,11,0,0,0,0,0,0,2,43,1,1,1,2,4,100,0,0,0,0,0,0,5.5,5,GRAHAM,American Association of Christian Schools (AACS),,,,,,,,,,,,,,
A9500053,ARCADIA MONTESSORI SCHOOL,2,3,5115 E VIRGINIA AVE,PHOENIX,4013,13,AZ,4,85008,6028402342,195,6.5,No,,155,11,,,,,,,,,,,,,166,11,0,0,0,1,10,0,0,3,11,1,2,1,3,1,0,0,0,9.09,90.9,0,0,3.66,30,MARICOPA,School does not belong to ANY associations or organizations,,,,,,,,,,,,,,
1926277,ARIZONA LUTHERAN ACADEMY,14,17,6036 S 27TH AVE,PHOENIX,4013,13,AZ,4,85041,6022688686,177,7,No,,,,,,,,,,,,55,47,57,42,201,201,11,8,35,12,129,2,4,16.9,21,1,1,2,2,2,5.47,3.98,17.41,5.97,64.17,0.99,1.99,11.89,22,MARICOPA,School does not belong to ANY associations or organizations,,,,,,,,,,,,,,
A0304001,ARROWHEAD CHRISTIAN ACADEMY,3,17,4030 W YORKSHIRE DR,GLENDALE,4013,13,AZ,4,85308,6235826871,180,7,No,,,16,21,22,20,17,18,14,13,17,18,16,11,10,213,213,1,4,74,7,123,2,2,14,11,1,1,3,2,1,0.46,1.87,34.74,3.28,57.74,0.93,0.93,15.21,8,MARICOPA,American Association of Christian Schools (AACS),Association of Christian Schools International (ACSI),Other religious school association(s),,,,,,,,,,,,
A0507010,ARROWHEAD MONTESSORI,2,13,14801 N 83RD AVE,PEORIA,4013,13,AZ,4,85381,6237762322,181,6.5,No,1,63,16,8,10,11,7,4,7,3,3,,,,,133,70,0,1,9,0,60,0,0,6.4,21,1,2,1,3,2,0,1.42,12.85,0,85.71,0,0,10.93,30,MARICOPA,Association Montessori International (AMI),,,,,,,,,,,,,,
A1100026,ASCEND,1,1,PO BOX 300,KIRKLAND,4025,25,AZ,4,86332,9284439290,,6,No,16,,,,,,,,,,,,,,,16,16,,,,,,,,14.4,41,1,4,3,3,4,,,,,,,,1.11,30,YAVAPAI,School does not belong to ANY associations or organizations,,,,,,,,,,,,,,
A0100466,ASCENSION LUTHERAN PRESCHOOL,2,3,1220 W MAGEE RD,TUCSON,4019,19,AZ,4,85704,5207426229,200,7,No,,112,12,,,,,,,,,,,,,124,12,0,0,1,0,11,0,0,1,21,1,7,1,2,2,0,0,8.33,0,91.66,0,0,12,23,PIMA,School does not belong to ANY associations or organizations,,,,,,,,,,,,,,
A1392004,AUTISM ACADEMY FOR ED & DEVELOPMENT,11,17,7581 S WILLOW DR # 103,TEMPE,4013,13,AZ,4,85283,4805256197,180,7,No,,,,,,,,,1,6,22,24,10,26,27,116,116,0,5,30,14,65,2,0,14,12,1,4,3,3,1,0,4.31,25.86,12.06,56.03,1.72,0,8.28,30,MARICOPA,School does not belong to ANY associations or organizations,,,,,,,,,,,,,,
A2100154,AUTISM ACADEMY FOR EDUCATION & DEVELOPMENT,6,17,"7581 S WILLOW DR, STE #103",TEMPE,4019,19,AZ,4,85283,4805256197,180,7,No,,,,5,16,8,10,9,16,8,11,7,3,3,3,99,99,3,2,51,5,33,0,5,10,11,1,4,3,3,1,3.03,2.02,51.51,5.05,33.33,0,5.05,9.9,30,PIMA,School does not belong to ANY associations or organizations,,,,,,,,,,,,,,
A2100152,AUTISM ACADEMY FOR EDUCATION AND DEVELOPMENT,10,17,"6910 W BELL RD., STE C",GLENDALE,4013,13,AZ,4,85308,4805256197,180,7,No,,,,,,,,6,10,13,13,13,14,14,12,95,95,0,3,26,9,47,0,10,8,21,1,4,3,3,2,0,3.15,27.36,9.47,49.47,0,10.52,11.87,30,MARICOPA,School does not belong to ANY associations or organizations,,,,,,,,,,,,,,
A2100153,AUTISM ACADEMY OF EDUCATION AND DEVELOPMENT,3,17,"7581 S WILLOW DR, STE #103",TEMPE,4013,13,AZ,4,85283,4805256197,180,7,No,,,3,10,18,21,17,24,21,16,7,3,2,2,6,150,150,1,7,41,11,76,1,13,20,21,1,4,3,3,2,0.66,4.66,27.33,7.33,50.66,0.66,8.66,7.5,30,MARICOPA,School does not belong to ANY associations or organizations,,,,,,,,,,,,,,
2003338,AWAKENING SEED SCHOOL,2,9,6630 S 40TH ST,PHOENIX,4013,13,AZ,4,85042,6024542606,184,6,No,,85,18,8,7,5,10,,,,,,,,,133,48,0,4,3,4,35,1,1,5.5,11,1,1,1,3,1,0,8.33,6.25,8.33,72.91,2.08,2.08,8.72,30,MARICOPA,School does not belong to ANY associations or organizations,,,,,,,,,,,,,,
A2100156,AZ ASPIRE ACADEMY,3,17,2150 E SOUTHERN AVE,TEMPE,4013,13,AZ,4,85282,4804206630,180,5,Yes,,,10,20,20,29,20,23,26,33,29,23,16,19,18,286,286,0,5,53,31,182,0,15,88.1,41,1,4,3,3,4,0,1.74,18.53,10.83,63.63,0,5.24,3.24,30,MARICOPA,School does not belong to ANY associations or organizations,,,,,,,,,,,,,,
A2100157,AZ ASPIRE ACADEMY,3,17,2150 E SOUTHERN AVE,TEMPE,4013,13,AZ,4,85282,4804206630,180,5,Yes,,,207,207,207,207,208,208,208,208,208,208,208,208,208,,2700,,,,,,,,81,22,1,4,3,3,2,,,,,,,,33.33,30,MARICOPA,School does not belong to ANY associations or organizations,,,,,,,,,,,,,,
A1700053,BANNER ACADEMY,11,17,1410 W 10TH PL,TEMPE,4013,13,AZ,4,85281,4808275348,180,6.33,No,,,,,,,,,1,2,5,7,5,8,4,32,32,1,0,4,2,24,0,1,8,12,1,4,3,3,1,3.12,0,12.5,6.25,75,0,3.12,4,30,MARICOPA,School does not belong to ANY associations or organizations,,,,,,,,,,,,,,
A1592149,BAYER PRIVATE SCHOOL,2,13,23555 N 67TH AVE,GLENDALE,4013,13,AZ,4,85310,6233623700,181,6.75,No,,47,20,13,17,10,8,13,6,10,10,,,,,154,107,0,22,6,7,72,0,0,15.9,11,1,1,1,3,1,0,20.56,5.6,6.54,67.28,0,0,6.72,30,MARICOPA,Other school association(s),,,,,,,,,,,,,,
A9703805,BEAUTIFUL SAVIOR ACADEMY,2,3,PO BOX 90925,TUCSON,4019,19,AZ,4,85752,5205791453,176,6,Yes,,60,10,,,,,,,,,,,,,70,10,0,0,1,0,9,0,0,1,21,1,7,1,2,2,0,0,10,0,90,0,0,10,21,PIMA,School does not belong to ANY associations or organizations,,,,,,,,,,,,,,
A1170228,BELLA MONTESSORI PRESCHOOL,2,6,700 S ISLANDS DR W,GILBERT,4013,13,AZ,4,85233,4809933393,133,6.5,No,,28,2,2,,,,,,,,,,,,32,4,0,1,1,1,1,0,0,1,21,1,2,1,3,2,0,25,25,25,25,0,0,4,30,MARICOPA,School does not belong to ANY associations or organizations,,,,,,,,,,,,,,
A0500061,BELLA VISTA COLLEGE PREPRATORY SCHOOL,12,17,PO BOX 28096,SCOTTSDALE,4013,13,AZ,4,85255,4805756001,124,6,No,,,,,,,,,,2,5,7,8,34,23,79,79,0,4,5,17,53,0,0,8.9,12,1,3,2,3,1,0,5.06,6.32,21.51,67.08,0,0,8.87,30,MARICOPA,National Independent Private Schools Association (NIPSA),Other school association(s),,,,,,,,,,,,,
A1970241,BLACK MOUNTAIN SCIENCE ACADEMY,2,11,21461 N 78TH AVE STE 185,PEORIA,4013,13,AZ,4,85382,6238251576,180,7,Yes,,42,6,6,1,6,4,4,3,,,,,,,72,30,0,1,4,3,22,0,0,3,21,1,2,1,3,2,0,3.33,13.33,10,73.33,0,0,10,30,MARICOPA,American Montessori Society (AMS),Association Montessori International (AMI),Other Montessori association(s),,,,,,,,,,,,
A9703808,BLESSED SACRAMENT PRESCHOOL & KINDERGARTEN,2,3,11300 N 64TH ST,SCOTTSDALE,4013,13,AZ,4,85254,4809989466,180,5,Yes,1,53,11,,,,,,,,,,,,,65,12,0,0,1,0,10,0,1,3,11,1,7,1,1,1,0,0,8.33,0,83.33,0,8.33,4,1,MARICOPA,National Catholic Educational Association (NCEA),National Association for the Education of Young Children (NAEYC),,,,,,,,,,,,,
31425,BOURGADE CATHOLIC HIGH SCHOOL,14,17,4602 N 31ST AVE,PHOENIX,4013,13,AZ,4,85017,6029734000,180,6.8,Yes,,,,,,,,,,,,94,87,90,74,345,345,11,10,245,12,67,0,0,31.6,11,1,1,2,1,1,3.18,2.89,71.01,3.47,19.42,0,0,10.91,1,MARICOPA,National Catholic Educational Association (NCEA),,,,,,,,,,,,,,
A2100160,BREAKTHROUGH ACADEMY- EAST CAMPUS,6,13,3427 E BELL RD,PHOENIX,4013,13,AZ,4,85032,8666209380,194,7,Yes,,,,1,2,4,8,3,4,3,2,,,,,27,27,0,2,2,2,20,0,1,4.6,11,1,4,1,3,1,0,7.4,7.4,7.4,74.07,0,3.7,5.86,30,MARICOPA,School does not belong to ANY associations or organizations,,,,,,,,,,,,,,
A1970243,BRIGHT HORIZONS FAMILY CENTER,2,4,7660 S RESEARCH DR,TEMPE,4013,13,AZ,4,85284,4807756607,180,6,Yes,,100,10,,,,,,,,,,,,,110,10,0,1,5,1,3,0,0,1,12,1,7,1,3,1,0,10,50,10,30,0,0,10,30,MARICOPA,School does not belong to ANY associations or organizations,,,,,,,,,,,,,,
A1390007,BRIGHTMONT ACADEMY,10,17,6990 E SHEA BLVD STE 120,SCOTTSDALE,4013,13,AZ,4,85254,6309170217,250,5,No,,,,,,,,3,3,2,9,12,12,7,3,51,51,0,0,4,2,45,0,0,12.8,12,1,6,3,3,1,0,0,7.84,3.92,88.23,0,0,3.98,30,MARICOPA,School does not belong to ANY associations or organizations,,,,,,,,,,,,,,
A1790014,BRIGHTMONT ACADEMY,11,16,2222 W PINNACLE PEAK RD STE 110,PHOENIX,4013,13,AZ,4,85027,6237380710,242,7,No,,,,,,,,,2,3,,3,3,2,,13,13,,,,,,,,4.6,11,1,4,3,3,1,,,,,,,,2.82,30,MARICOPA,School does not belong to ANY associations or organizations,,,,,,,,,,,,,,
A1500076,BRIGHTMONT ACADEMY - CHANDLER,6,17,5540 W CHANDLER BLVD STE 1,CHANDLER,4013,13,AZ,4,85226,4805267090,240,6,No,,,,5,5,5,5,5,4,4,4,4,4,4,4,53,53,,,,,,,,,11,1,1,3,3,1,,,,,,,,,30,MARICOPA,Other school association(s),,,,,,,,,,,,,,
31414,BROPHY COLLEGE PREPARATORY,11,17,4701 N CENTRAL AVE,PHOENIX,4013,13,AZ,4,85012,6022645291,178,6.83,No,,,,,,,,,20,24,26,353,340,323,321,1407,1407,5,74,294,38,848,1,147,103.6,11,3,1,3,1,1,0.35,5.25,20.89,2.7,60.27,0.07,10.44,13.58,1,MARICOPA,Jesuit Schools Network (JSN),,,,,,,,,,,,,,
A1792001,CALVERY CHAPEL CHRISTIAN SCHOOL,3,17,8752 E SPEEDWAY BLVD,TUCSON,4019,19,AZ,4,85710,5207312100,180,5.66,Yes,,,18,18,23,20,20,15,15,20,20,15,15,12,15,226,226,,,,,,,,14.6,11,1,1,3,2,1,,,,,,,,15.47,8,PIMA,School does not belong to ANY associations or organizations,,,,,,,,,,,,,,
A9700090,CAMELBACK DESERT SCHOOL,2,6,9606 E KALIL DR,SCOTTSDALE,4013,13,AZ,4,85260,4804517453,185,7,Yes,,67,10,5,,,,,,,,,,,,82,15,0,1,0,1,10,0,3,1,12,1,1,1,3,1,0,6.66,0,6.66,66.66,0,20,15,30,MARICOPA,National Independent Private Schools Association (NIPSA),,,,,,,,,,,,,,
BB220027,CAMMACK CHRISTIAN ACADEMY,3,8,PO BOX 660,LAVEEN,4013,13,AZ,4,85339,6022373333,186,7,Yes,,,3,,,3,,,,,,,,,,6,6,0,0,4,0,2,0,0,2.1,21,1,1,1,2,2,0,0,66.66,0,33.33,0,0,2.85,8,MARICOPA,Association of Christian Schools International (ACSI),,,,,,,,,,,,,,
A9100286,CANYON STATE ACADEMY,7,17,20061 E RITTENHOUSE RD,QUEEN CREEK,4013,13,AZ,4,85142,4809872009,248,7,Yes,,,,,2,3,2,4,17,18,44,48,56,46,13,253,253,28,0,23,63,26,1,112,22.3,21,1,1,3,3,2,11.06,0,9.09,24.9,10.27,0.39,44.26,11.34,30,MARICOPA,School does not belong to ANY associations or organizations,,,,,,,,,,,,,,
A2100161,CARD ACADEMY CHANDLER,9,16,912 W CHANDLER BLVD STE B-7,CHANDLER,4013,13,AZ,4,85225,4806374566,230,6,No,10,,,,,,1,1,4,1,,1,1,1,,20,20,,,,,,,,1,11,1,4,3,3,1,,,,,,,,20,30,MARICOPA,School does not belong to ANY associations or organizations,,,,,,,,,,,,,,
A0100495,CARDEN CHRISTIAN ACADEMY CENTRAL,3,13,2727 N SWAN RD,TUCSON,4019,19,AZ,4,85712,5203183824,178,6,No,,,12,7,4,4,5,5,6,4,5,,,,,52,52,2,1,21,13,15,0,0,6.3,11,1,1,1,2,1,3.84,1.92,40.38,25,28.84,0,0,8.25,29,PIMA,Other special emphasis association(s),,,,,,,,,,,,,,
A2100163,CAREFREE CHRISTIAN ACADEMY,12,17,5025 E CAREFREE HWY,CAVE CREEK,4013,13,AZ,4,85331,4805530856,180,7.5,No,,,,,,,,,,2,10,13,9,6,3,43,43,2,3,4,1,32,1,0,6,11,1,1,2,2,1,4.65,6.97,9.3,2.32,74.41,2.32,0,7.16,8,MARICOPA,Association of Christian Schools International (ACSI),,,,,,,,,,,,,,
A1390008,CASA DEL NINO BILINGUAL MONTESSORI SCHOOL,2,6,2625 W QUEEN CREEK RD STE 6,CHANDLER,4013,13,AZ,4,85248,4809632550,180,6,No,,40,6,2,,,,,,,,,,,,48,8,0,1,4,1,2,0,0,2,11,1,2,1,3,1,0,12.5,50,12.5,25,0,0,4,30,MARICOPA,School does not belong to ANY associations or organizations,,,,,,,,,,,,,,
A9500061,CASA NINOS SCHOOL OF MONTESSORI - EAST CAMPUS,1,1,8655 E BROADWAY BLVD,TUCSON,4019,19,AZ,4,85710,5207511454,217,7.5,Yes,22,,,,,,,,,,,,,,,22,22,1,0,5,4,12,0,0,3,11,1,2,3,3,1,4.54,0,22.72,18.18,54.54,0,0,7.33,30,PIMA,Other Montessori association(s),Other school association(s),,,,,,,,,,,,,
2004105,CASAS CHRISTIAN SCHOOL,3,13,10801 N LA CHOLLA BLVD,ORO VALLEY,4019,19,AZ,4,85742,5202970922,190,7,Yes,,,55,40,40,40,44,44,42,42,30,,,,,377,377,5,4,56,21,222,0,69,21.8,41,1,1,1,2,4,1.32,1.06,14.85,5.57,58.88,0,18.3,17.29,8,PIMA,Other religious school association(s),,,,,,,,,,,,,,
A0970018,CASITA DAYCARE & PRESCHOOL,6,11,1440 W AJO WAY,TUCSON,4019,19,AZ,4,85713,5203589582,252,9.05,No,15,,,24,24,26,35,35,60,,,,,,,219,219,0,0,160,9,50,0,0,19.9,11,1,-1,1,3,1,0,0,73.05,4.1,22.83,0,0,11,30,PIMA,School does not belong to ANY associations or organizations,,,,,,,,,,,,,,
1610059,CASTLEHILL COUNTRY DAY SCHOOL,2,10,3225 N CRAYCROFT RD,TUCSON,4019,19,AZ,4,85712,5207950008,174,6.5,Yes,,40,17,18,16,17,15,16,,,,,,,,139,99,1,13,4,0,70,0,11,15,11,1,1,1,3,1,1.01,13.13,4.04,0,70.7,0,11.11,6.6,30,PIMA,School does not belong to ANY associations or organizations,,,,,,,,,,,,,,
A1970246,CEDAR TREE MONTESSORI INC,2,4,129 N PLEASANT ST,PRESCOTT,4025,25,AZ,4,86301,9287718785,239,6,No,,40,4,,,,,,,,,,,,,44,4,0,0,0,0,4,0,0,1,13,1,2,1,3,1,0,0,0,0,100,0,0,4,30,YAVAPAI,American Montessori Society (AMS),,,,,,,,,,,,,,
A0900119,CENTENNIAL ACADEMY,15,17,PO BOX 188,COLORADO CITY,4015,15,AZ,4,86021,9288752203,125,6.66,Yes,,,,,,,,,,,,,41,32,35,108,108,6,0,0,0,102,0,0,27.6,32,1,1,2,2,3,5.55,0,0,0,94.44,0,0,3.91,19,MOHAVE,School does not belong to ANY associations or organizations,,,,,,,,,,,,,,
A1970247,CHANDLER JEWISH PRESCHOOL / KINDERGARTEN,2,3,875 N MCCLINTOCK DR,CHANDLER,4013,13,AZ,4,85226,4808554333,165,6,No,,25,8,,,,,,,,,,,,,33,8,0,0,0,1,7,0,0,1,11,1,7,1,2,1,0,0,0,12.5,87.5,0,0,8,18,MARICOPA,School does not belong to ANY associations or organizations,,,,,,,,,,,,,,
A0507016,CHAPARRAL CHRISTIA COMMUNITY SCHOOLS,2,11,6451 E SHEA BLVD,SCOTTSDALE,4013,13,AZ,4,85254,4809916440,177,6,Yes,,86,7,5,2,6,1,3,1,,,,,,,111,25,0,0,0,0,25,0,0,2.4,12,1,6,1,2,1,0,0,0,0,100,0,0,10.41,8,MARICOPA,School does not belong to ANY associations or organizations,,,,,,,,,,,,,,
BB220002,CHEDER LUBAVITCH ARIZONA,6,14,2118 E LINCOLN DR,PHOENIX,4013,13,AZ,4,85016,6024220341,165,8.25,Yes,,,,13,16,21,19,17,6,19,,17,,,,128,128,0,0,0,0,128,0,0,15.6,11,1,1,3,2,1,0,0,0,0,100,0,0,8.2,18,MARICOPA,School does not belong to ANY associations or organizations,,,,,,,,,,,,,,
A9703814,CHILDREN'S CENTER FOR NEURODEVELOPMENTAL STUDIES,2,17,5430 W GLENN DR,GLENDALE,4013,13,AZ,4,85301,6235126211,180,5.76,No,,3,,3,2,5,3,4,5,5,4,5,5,3,4,51,48,1,3,11,6,24,0,3,9,21,1,4,3,3,2,2.08,6.25,22.91,12.5,50,0,6.25,5.33,30,MARICOPA,School does not belong to ANY associations or organizations,,,,,,,,,,,,,,
A1100028,CHRIST CHURCH SCHOOL,2,8,4015 E LINCOLN DR,PARADISE VALLEY,4013,13,AZ,4,85253,6023819906,172,7,Yes,,125,15,10,8,6,,,,,,,,,,164,39,0,1,0,1,37,0,0,5.6,21,1,1,1,2,2,0,2.56,0,2.56,94.87,0,0,6.96,14,MARICOPA,National Association of Episcopal Schools (NAES),,,,,,,,,,,,,,
31844,CHRIST LUTHERAN SCHOOL,2,13,3901 E INDIAN SCHOOL RD,PHOENIX,4013,13,AZ,4,85018,6029577010,176,6.83,No,,112,54,50,47,54,57,40,55,55,42,,,,,566,454,1,7,12,3,389,0,42,34.1,11,1,1,1,2,1,0.22,1.54,2.64,0.66,85.68,0,9.25,13.31,20,MARICOPA,School does not belong to ANY associations or organizations,,,,,,,,,,,,,,
A2100165,CHRIST LUTHERAN VAIL EC AND EDU CREATION SCHOOL,2,10,14600 E COLOSSAL CAVE RD,VAIL,4019,19,AZ,4,85641,5204687075,181,6.5,Yes,1,30,9,19,6,6,7,1,,,,,,,,79,49,0,3,13,3,30,0,0,7.3,41,1,1,1,2,4,0,6.12,26.53,6.12,61.22,0,0,6.71,20,PIMA,National Association for the Education of Young Children (NAEYC),,,,,,,,,,,,,,
A9900116,CHRIST THE KING SCHOOL,2,13,1551 E DANA AVE,MESA,4013,13,AZ,4,85204,4808444480,180,7.25,Yes,,12,24,27,24,21,18,29,24,18,16,,,,,213,201,1,8,93,7,74,6,12,15,11,1,1,1,1,1,0.49,3.98,46.26,3.48,36.81,2.98,5.97,13.4,1,MARICOPA,School does not belong to ANY associations or organizations,,,,,,,,,,,,,,
K9300074,CHRIST'S GREENFIELD LUTHERAN SCHOOL,2,13,425 N GREENFIELD RD,GILBERT,4013,13,AZ,4,85234,4808928314,175,7,No,68,81,43,26,36,20,29,17,26,30,22,,,,,398,317,0,3,52,5,227,0,30,25.6,21,1,1,1,2,2,0,0.94,16.4,1.57,71.6,0,9.46,12.38,20,MARICOPA,Other religious school association(s),,,,,,,,,,,,,,
A1390009,CHRYSALIS ACAD DAY SCHOOL FOR CHILDREN WITH AUTISM,1,1,1250 N 77TH ST,SCOTTSDALE,4013,13,AZ,4,85257,4808396000,209,5.75,No,35,,,,,,,,,,,,,,,35,35,1,1,4,3,25,0,1,4,12,1,4,3,3,1,2.85,2.85,11.42,8.57,71.42,0,2.85,8.75,30,MARICOPA,School does not belong to ANY associations or organizations,,,,,,,,,,,,,,
A1900102,COCHISE SDA CHRISTIAN SCHOOL,7,13,PO BOX 4146,BISBEE,4003,3,AZ,4,85603,5204329186,180,6.5,Yes,,,,,1,2,2,4,,5,1,,,,,15,15,0,0,6,1,5,0,3,1,32,1,1,1,2,3,0,0,40,6.66,33.33,0,20,15,28,COCHISE,General Conference of the Seventh-Day Adventist Church (GCSDAC),,,,,,,,,,,,,,
A2190028,COCHISE SDA CHRISTIAN SCHOOL,7,13,PO BOX 4146,BISBEE,4003,3,AZ,4,85603,5204329186,180,7,No,,,,,1,2,2,4,,5,1,,,,,15,15,0,0,7,1,4,0,3,1,32,1,1,1,2,3,0,0,46.66,6.66,26.66,0,20,15,28,COCHISE,General Conference of the Seventh-Day Adventist Church (GCSDAC),,,,,,,,,,,,,,
A0100489,COMMUNITY MONTESSORI SCHOOL,2,3,3737 E SHEA BLVD,PHOENIX,4013,13,AZ,4,85028,6029539532,220,6,No,,27,5,,,,,,,,,,,,,32,5,0,1,0,2,2,0,0,2.6,11,1,2,1,3,1,0,20,0,40,40,0,0,1.92,30,MARICOPA,American Montessori Society (AMS),,,,,,,,,,,,,,
A1970250,COMMUNITY MONTESSORI SCHOOL OF BISBEE,2,8,1900 S NACO HWY,BISBEE,4003,3,AZ,4,85603,5204328075,180,7,No,,6,6,4,6,1,,,,,,,,,,23,17,0,3,0,0,14,0,0,2.9,41,1,2,1,3,4,0,17.64,0,0,82.35,0,0,5.86,30,COCHISE,American Montessori Society (AMS),Association Montessori International (AMI),,,,,,,,,,,,,
A0507024,COVENANT CHILD CARE CENTER,2,3,PO BOX 80847,PHOENIX,4013,13,AZ,4,85060,6029555728,180,5.5,No,,33,8,,,,,,,,,,,,,41,8,0,0,0,1,7,0,0,1,11,1,7,1,2,1,0,0,0,12.5,87.5,0,0,8,29,MARICOPA,School does not belong to ANY associations or organizations,,,,,,,,,,,,,,
A1700056,CREO MONTESSORI SCHOOL,2,14,1475 S HIGLEY RD,GILBERT,4013,13,AZ,4,85296,4802080256,180,7.83,No,,64,30,22,22,22,15,12,18,4,4,4,,,,217,153,0,14,14,12,104,0,9,15,21,1,2,3,3,2,0,9.15,9.15,7.84,67.97,0,5.88,10.2,30,MARICOPA,Association Montessori International (AMI),,,,,,,,,,,,,,
A0900158,CROSS CHRISTIAN ACADEMY,3,10,17475 W BELL RD,SURPRISE,4013,13,AZ,4,85374,6235562230,180,7.08,Yes,,,10,7,16,10,14,8,,,,,,,,65,65,1,1,19,4,38,0,2,5,21,1,1,1,2,2,1.53,1.53,29.23,6.15,58.46,0,3.07,13,5,MARICOPA,Association of Christian Schools International (ACSI),,,,,,,,,,,,,,
A0700041,CROSS OF GLORY LUTHERAN SCHOOL,2,13,10111 W JOMAX RD,PEORIA,4013,13,AZ,4,85383,6232248841,175,7,No,,51,15,10,11,10,9,9,5,2,3,,,,,125,74,0,0,1,4,69,0,0,5.6,21,1,1,1,2,2,0,0,1.35,5.4,93.24,0,0,13.21,22,MARICOPA,School does not belong to ANY associations or organizations,,,,,,,,,,,,,,
K9500018,CROSS ROADS PRESCHOOL & KINDERGARTEN,2,4,7901 N CENTRAL AVE,PHOENIX,4013,13,AZ,4,85020,6023710741,147,4,No,,86,22,,,,,,,,,,,,,108,22,,,,,,,,14.4,11,1,7,1,3,1,,,,,,,,1.52,30,MARICOPA,School does not belong to ANY associations or organizations,,,,,,,,,,,,,,
A9500076,DAYSPRING PRESCHOOL & KINDERGARTEN,2,3,1365 E ELLIOT RD,TEMPE,4013,13,AZ,4,85284,4808389097,165,5.75,No,,97,19,,,,,,,,,,,,,116,19,1,0,0,1,17,0,0,2,12,1,7,1,3,1,5.26,0,0,5.26,89.47,0,0,9.5,30,MARICOPA,School does not belong to ANY associations or organizations,,,,,,,,,,,,,,
A0304003,DESERT CHRISTIAN SCHOOL,2,17,7525 E SPEEDWAY BLVD,TUCSON,4019,19,AZ,4,85710,5209015499,177,7.16,Yes,,50,30,20,31,24,23,29,22,34,50,44,43,39,36,475,425,2,12,44,9,358,0,0,56,11,1,1,3,2,1,0.47,2.82,10.35,2.11,84.23,0,0,7.58,8,PIMA,Association of Christian Schools International (ACSI),Christian Schools International (CSI),Other special emphasis association(s),,,,,,,,,,,,
A1900103,DESERT CHRISTIAN SCHOOLS PK12,2,17,9415 E WRIGHTSTOWN RD,TUCSON,4019,19,AZ,4,85715,5209015499,175,6.5,Yes,,45,30,20,31,24,23,29,22,34,50,47,43,40,36,474,429,3,14,67,14,325,0,6,23.8,11,1,1,3,2,1,0.69,3.26,15.61,3.26,75.75,0,1.39,18.02,8,PIMA,Association of Christian Schools International (ACSI),Christian Schools International (CSI),,,,,,,,,,,,,
A0100502,DESERT GARDEN MONTESSORI,2,17,5130 E WARNER RD,PHOENIX,4013,13,AZ,4,85044,4804969833,180,7.75,No,,149,29,19,23,20,19,15,8,15,10,6,3,9,2,327,178,10,6,28,7,93,5,29,43.4,11,1,2,3,3,1,5.61,3.37,15.73,3.93,52.24,2.8,16.29,4.1,30,MARICOPA,American Montessori Society (AMS),Other Montessori association(s),Other special emphasis association(s),,,,,,,,,,,,
A2100170,DESERT JEWISH ACADEMY,3,11,3400 N DOBSON RD,CHANDLER,4013,13,AZ,4,85224,4803900971,180,6.5,No,,,3,3,4,2,5,12,3,,,,,,,32,32,0,1,0,0,31,0,0,4.8,11,1,1,1,2,1,0,3.12,0,0,96.87,0,0,6.66,18,MARICOPA,School does not belong to ANY associations or organizations,,,,,,,,,,,,,,
A9500079,DESERT SHADOWS MONTESSORI,2,3,6709 E UNIVERSITY DR,MESA,4013,13,AZ,4,85205,4808305887,215,7,No,31,27,4,,,,,,,,,,,,,62,35,0,0,0,7,28,0,0,1,21,1,2,1,3,2,0,0,0,20,80,0,0,35,30,MARICOPA,American Montessori Society (AMS),,,,,,,,,,,,,,
A0100504,DESERT SKY MONTESSORI,2,3,12850 N SCOTTSDALE RD,SCOTTSDALE,4013,13,AZ,4,85254,4809987019,195,6,Yes,,31,5,,,,,,,,,,,,,36,5,0,3,0,0,2,0,0,3.6,11,1,2,1,3,1,0,60,0,0,40,0,0,1.38,30,MARICOPA,American Montessori Society (AMS),Association Montessori International (AMI),Other Montessori association(s),,,,,,,,,,,,
A9703834,DESERT SUN CHILD DEVELOPMENT CENTER,2,3,1512 W ELLIOT RD,CHANDLER,4013,13,AZ,4,85224,4808311718,198,5,Yes,,62,19,,,,,,,,,,,,,81,19,0,1,2,0,16,0,0,2,11,1,7,1,3,1,0,5.26,10.52,0,84.21,0,0,9.5,30,MARICOPA,School does not belong to ANY associations or organizations,,,,,,,,,,,,,,
A2100171,DESERT VIEW LEARNING CENTER,3,9,4027 E LINCOLN DR,PARADISE VALLEY,4013,13,AZ,4,85253,6028408950,166,6,No,,,21,22,20,10,10,,,,,,,,,83,83,0,0,3,0,78,0,2,8.9,21,1,1,1,3,2,0,0,3.61,0,93.97,0,2.4,9.32,30,MARICOPA,School does not belong to ANY associations or organizations,,,,,,,,,,,,,,
A0100508,DESERT VOICES ORAL LEARNING CENTER,2,3,3426 E SHEA BLVD,PHOENIX,4013,13,AZ,4,85028,6022240598,183,6.5,Yes,,14,2,,,,,,,,,,,,,16,2,0,0,0,0,2,0,0,1.3,11,1,4,1,3,1,0,0,0,0,100,0,0,1.53,30,MARICOPA,School does not belong to ANY associations or organizations,,,,,,,,,,,,,,
A0500067,DYNAMITE MONTESSORI,2,9,29210 N 59TH ST,CAVE CREEK,4013,13,AZ,4,85331,4805635710,210,8,Yes,,80,10,10,10,8,1,,,,,,,,,119,39,2,3,10,1,13,0,10,13.3,21,3,2,1,3,2,5.12,7.69,25.64,2.56,33.33,0,25.64,2.93,30,MARICOPA,Association Montessori International (AMI),,,,,,,,,,,,,,
32065,EAST FORK LUTHERAN SCHOOL,3,13,PO BOX 489,WHITERIVER,4017,17,AZ,4,85941,9283384455,144,8.75,Yes,,,12,15,9,13,13,8,11,14,8,,,,,103,103,103,0,0,0,0,0,0,9,41,1,1,1,2,4,100,0,0,0,0,0,0,11.44,22,NAVAJO,School does not belong to ANY associations or organizations,,,,,,,,,,,,,,
A2190029,EAST VALLEY ACTON ACADEMY,2,13,1125 E BLUE SPRUCE LN,GILBERT,4013,13,AZ,4,85298,4805783583,180,7.25,No,,2,,1,2,1,1,1,1,2,1,,,,,12,10,0,2,0,0,8,0,0,2.3,21,1,2,1,3,2,0,20,0,0,80,0,0,4.34,30,MARICOPA,School does not belong to ANY associations or organizations,,,,,,,,,,,,,,
A0100517,EMMANUEL CHRISTIAN ACADEMY,2,13,3120 HUALAPAI MOUNTAIN RD,KINGMAN,4015,15,AZ,4,86401,9286814220,144,7.25,No,,14,31,44,27,32,19,12,10,13,5,,,,,207,193,2,10,23,7,150,1,0,18.1,33,1,1,1,2,3,1.03,5.18,11.91,3.62,77.72,0.51,0,10.66,8,MOHAVE,Association of Christian Schools International (ACSI),Other school association(s),,,,,,,,,,,,,
32076,EMMANUEL LUTHERAN SCHOOL,3,13,715 W SOUTHERN AVE,TEMPE,4013,13,AZ,4,85282,4809673991,175,6.75,No,,,7,15,13,12,9,12,14,15,10,,,,,107,107,5,1,17,2,65,0,17,8.3,12,1,1,1,2,1,4.67,0.93,15.88,1.86,60.74,0,15.88,12.89,22,MARICOPA,School does not belong to ANY associations or organizations,,,,,,,,,,,,,,
33047,EMMAUS LUTHERAN SCHOOL,2,13,3841 W SWEETWATER AVE,PHOENIX,4013,13,AZ,4,85029,6028433853,173,6.75,Yes,,20,10,10,3,6,5,4,5,3,8,,,,,74,54,5,4,8,5,29,1,2,4,11,1,1,1,2,1,9.25,7.4,14.81,9.25,53.7,1.85,3.7,13.5,29,MARICOPA,School does not belong to ANY associations or organizations,,,,,,,,,,,,,,
A2100176,EMPOWER ACADEMY MVA CAMPUS,9,17,22050 E QUEEN CREEK RD,QUEEN CREEK,4021,21,AZ,4,85142,4804761171,180,6.5,No,,,,,,,3,5,2,2,2,5,4,6,2,31,31,0,0,8,3,20,0,0,5,21,1,4,3,3,2,0,0,25.8,9.67,64.51,0,0,6.2,30,PINAL,School does not belong to ANY associations or organizations,,,,,,,,,,,,,,
A1900106,FAITH CHRISTIAN ACADEMY,11,17,3020 S MISSION RD,TUCSON,4019,19,AZ,4,85713,5208834999,180,7.5,Yes,,,,,,,,,5,12,11,8,3,2,6,47,47,2,0,32,0,13,0,0,7.9,11,1,1,3,2,1,4.25,0,68.08,0,27.65,0,0,5.94,8,PIMA,School does not belong to ANY associations or organizations,,,,,,,,,,,,,,
A9703841,FAITH COMMUNITY ACADEMY,2,11,2551 W ORANGE GROVE RD,TUCSON,4019,19,AZ,4,85741,5207424189,175,6.5,Yes,,41,17,16,14,10,13,14,17,,,,,,,142,101,0,1,26,7,59,0,8,9.3,21,1,1,1,2,2,0,0.99,25.74,6.93,58.41,0,7.92,10.86,29,PIMA,Association of Christian Schools International (ACSI),,,,,,,,,,,,,,
31833,FAITH LUTHERAN SCHOOL,2,13,3925 E 5TH ST,TUCSON,4019,19,AZ,4,85711,5208810670,180,7,Yes,,8,5,5,8,3,10,4,4,8,7,,,,,62,54,1,1,9,4,29,2,8,5.6,11,1,1,1,2,1,1.85,1.85,16.66,7.4,53.7,3.7,14.81,9.64,20,PIMA,School does not belong to ANY associations or organizations,,,,,,,,,,,,,,
A0500072,FAMILY LIFE ACADEMY,2,13,530 S PANTANO RD,TUCSON,4019,19,AZ,4,85710,5202968989,181,6.5,Yes,,90,13,13,14,4,5,15,13,8,9,,,,,184,94,3,5,25,9,52,0,0,8.6,11,1,1,1,2,1,3.19,5.31,26.59,9.57,55.31,0,0,10.93,8,PIMA,Association of Christian Schools International (ACSI),,,,,,,,,,,,,,
A9100339,FIRST BAPTIST CHRISTIAN ACADEMY,2,14,1447 S 7TH ST,SIERRA VISTA,4003,3,AZ,4,85635,5204582983,180,6.91,Yes,,50,21,19,18,19,17,16,16,15,9,5,,,,205,155,1,7,26,14,104,1,2,14.5,13,1,1,3,2,1,0.64,4.51,16.77,9.03,67.09,0.64,1.29,10.68,5,COCHISE,Association of Christian Schools International (ACSI),,,,,,,,,,,,,,
2004116,FIRST SOUTHERN CHRISTIAN SCHOOL,2,11,445 E SPEEDWAY BLVD,TUCSON,4019,19,AZ,4,85705,5206249797,180,6.5,Yes,,12,13,10,11,11,11,4,3,,,,,,,75,63,0,1,46,1,14,0,1,5.4,11,1,1,1,2,1,0,1.58,73.01,1.58,22.22,0,1.58,11.66,5,PIMA,Association of Christian Schools International (ACSI),,,,,,,,,,,,,,
A0700043,FLAGSTAFF CHRISTIAN SCHOOL,3,17,PO BOX 30841,FLAGSTAFF,4005,5,AZ,4,86003,9283807974,142,7.25,Yes,,,39,33,33,22,26,18,19,21,16,6,8,,3,244,244,10,6,53,5,150,0,20,17.3,13,1,1,3,2,1,4.09,2.45,21.72,2.04,61.47,0,8.19,14.1,29,COCONINO,Association of Christian Schools International (ACSI),,,,,,,,,,,,,,
A0900124,FLORENCE BAPTIST ACADEMY,2,3,PO BOX 298,FLORENCE,4021,21,AZ,4,85132,5208681728,175,7.5,Yes,28,1,2,,,,,,,,,,,,,31,30,0,0,6,1,23,0,0,5,31,1,1,1,2,3,0,0,20,3.33,76.66,0,0,6,8,PINAL,School does not belong to ANY associations or organizations,,,,,,,,,,,,,,
A1990016,FOURTEENSIX CHRISTIAN ACADEMY,3,16,15175 W MONDELL RD,SURPRISE,4013,13,AZ,4,85374,6232487285,188,7.5,No,,,11,6,11,8,6,4,7,5,5,10,1,1,,75,75,0,9,7,6,46,0,7,5.5,21,1,6,3,2,2,0,12,9.33,8,61.33,0,9.33,13.63,8,MARICOPA,School does not belong to ANY associations or organizations,,,,,,,,,,,,,,
A2190031,FUSION SCOTTSDALE,10,17,8700 N GAINEY DR STE 150,SCOTTSDALE,4013,13,AZ,4,85258,6026613721,,6,Yes,15,,,,,,,1,7,10,13,13,13,6,17,95,95,2,0,7,1,85,0,0,26.8,12,1,1,3,3,1,2.1,0,7.36,1.05,89.47,0,0,3.54,30,MARICOPA,School does not belong to ANY associations or organizations,,,,,,,,,,,,,,
A1500084,GARY K. HERBERGER YOUNG SCHOLARS ACADEMY,12,17,4701 W THUNDERBIRD RD,GLENDALE,4013,13,AZ,4,85306,4807278550,171,7,No,,,,,,,,,,12,14,17,21,23,18,105,105,0,15,2,2,86,0,0,10.6,11,1,3,2,3,1,0,14.28,1.9,1.9,81.9,0,0,9.9,30,MARICOPA,Other school association(s),,,,,,,,,,,,,,
A0900126,GATEWAY ACADEMY,11,17,3939 E SHEA BLVD,PHOENIX,4013,13,AZ,4,85028,4809981071,185,7,Yes,,,,,,,,,4,9,18,22,18,16,16,103,103,0,2,7,1,92,1,0,20,11,1,4,3,3,1,0,1.94,6.79,0.97,89.32,0.97,0,5.15,30,MARICOPA,National Association of Private Special Education Centers (NAPSEC),Other special emphasis association(s),Other school association(s),,,,,,,,,,,,
2003291,GETHSEMANE LUTHERAN SCHOOL,2,3,1035 E GUADALUPE RD,TEMPE,4013,13,AZ,4,85283,4808390906,180,6,No,,98,18,,,,,,,,,,,,,116,18,0,2,1,0,15,0,0,1,12,1,7,1,2,1,0,11.11,5.55,0,83.33,0,0,18,20,MARICOPA,School does not belong to ANY associations or organizations,,,,,,,,,,,,,,
A1970255,GILBERT CHRISTIAN SCHOOLS,2,17,3632 E JASPER DR,GILBERT,4013,13,AZ,4,85296,4802521018,180,7,No,,60,120,120,120,120,120,120,120,120,120,120,110,80,80,1530,1470,,,,,,,,123,21,1,1,3,2,2,,,,,,,,11.95,8,MARICOPA,Association of Christian Schools International (ACSI),State or regional independent school association,,,,,,,,,,,,,
A1970256,GILBERT CHRISTIAN SCHOOLS - GREENFIELD CAMPUS,2,13,4341 S GREENFIELD RD,GILBERT,4013,13,AZ,4,85297,4806388000,180,8,No,,32,62,64,63,63,62,63,62,60,61,,,,,592,560,,,,,,,,42.4,21,1,1,1,2,2,,,,,,,,13.2,8,MARICOPA,Association of Christian Schools International (ACSI),,,,,,,,,,,,,,
33193,GLENVIEW ADVENTIST ACADEMY,3,13,6801 N 43RD AVE,PHOENIX,4013,13,AZ,4,85019,6239311846,180,7.25,No,,,22,12,11,17,18,15,14,13,26,,,,,148,148,0,18,96,20,12,1,1,7.4,11,1,1,1,2,1,0,12.16,64.86,13.51,8.1,0.67,0.67,20,28,MARICOPA,General Conference of the Seventh-Day Adventist Church (GCSDAC),,,,,,,,,,,,,,
A2192012,GLOBAL SCHOOLS FOR STARSEED AND URANTIAN CHILDREN AND TEENS,2,17,2074 PENDLETON DRIVE,Rio Rico,4023,23,AZ,4,85648,5204036271,260,8,Yes,1,1,2,1,1,1,1,1,2,2,2,2,1,1,1,20,19,0,0,0,0,19,0,0,6.3,42,1,6,3,2,4,0,0,0,0,100,0,0,3.01,29,SANTA CRUZ,School does not belong to ANY associations or organizations,,,,,,,,,,,,,,
32269,GOMPERS PRIVATE SCHOOL,11,17,6601 N 27TH AVE,PHOENIX,4013,13,AZ,4,85017,6023360061,180,7,No,,,,,,,,,1,1,1,1,1,2,3,10,10,0,0,5,2,3,0,0,2,11,1,4,3,3,1,0,0,50,20,30,0,0,5,30,MARICOPA,Other special emphasis association(s),,,,,,,,,,,,,,
A9100355,GOSPEL OUTREACH CHRISTIAN SCHOOL,3,17,515 W WICKENBURG WAY,WICKENBURG,4013,13,AZ,4,85390,9286845227,185,6,Yes,,,2,,1,,1,2,1,,1,,1,,2,11,11,0,0,1,0,10,0,0,4.4,32,1,1,3,2,3,0,0,9.09,0,90.9,0,0,2.5,29,MARICOPA,School does not belong to ANY associations or organizations,,,,,,,,,,,,,,
A9100356,GRACE CHRISTIAN ACADEMY,2,13,1200 E SOUTHERN AVE,TEMPE,4013,13,AZ,4,85282,4809665022,180,6.75,Yes,,63,35,31,24,22,30,26,20,21,15,,,,,287,224,,,,,,,,18.8,12,1,1,1,2,1,,,,,,,,11.91,8,MARICOPA,Association of Christian Schools International (ACSI),,,,,,,,,,,,,,
A0304004,GRACE FELLOWSHIP ACADEMY,2,13,1300 N MILLER RD,BUCKEYE,4013,13,AZ,4,85326,6233938883,139,8,Yes,,13,10,14,13,14,12,10,13,10,7,,,,,116,103,0,3,7,4,82,1,6,9.1,31,1,1,1,2,3,0,2.91,6.79,3.88,79.61,0.97,5.82,11.31,8,MARICOPA,Association of Christian Schools International (ACSI),,,,,,,,,,,,,,
32848,GRACE LUTHERAN SCHOOL,2,13,5600 W PALMAIRE AVE,GLENDALE,4013,13,AZ,4,85301,6239372010,174,6.75,No,,27,14,10,13,11,11,14,13,5,7,,,,,125,98,4,0,18,6,56,0,14,6,21,1,1,1,2,2,4.08,0,18.36,6.12,57.14,0,14.28,16.33,22,MARICOPA,School does not belong to ANY associations or organizations,,,,,,,,,,,,,,
A9703817,GRACEPOINTE CHRISTIAN ACADEMY,2,10,5757 W AJO HWY,TUCSON,4019,19,AZ,4,85735,5205783249,179,6,No,,19,12,7,7,8,6,6,,,,,,,,65,46,2,0,41,1,2,0,0,6.3,21,1,1,1,2,2,4.34,0,89.13,2.17,4.34,0,0,7.3,8,PIMA,Association of Christian Schools International (ACSI),,,,,,,,,,,,,,
BB220024,GREENHOUSE MONTESSORI,2,7,505 S GILBERT RD,GILBERT,4013,13,AZ,4,85296,4806350386,180,6.83,Yes,,30,9,3,6,,,,,,,,,,,48,18,,,8,1,,,,1.6,21,1,2,1,3,2,,,44.44,5.55,,,,11.25,30,MARICOPA,School does not belong to ANY associations or organizations,,,,,,,,,,,,,,
A2190033,GUIDEPOST MONTESSORI AT PEORIA,2,3,20565 N FLETCHER WAY,PEORIA,4013,13,AZ,4,85382,6235623353,150,8,No,,125,6,,,,,,,,,,,,,131,6,0,0,3,1,2,0,0,2,21,1,2,1,3,2,0,0,50,16.66,33.33,0,0,3,30,MARICOPA,Other Montessori association(s),,,,,,,,,,,,,,
A1992074,HEARTWOOD MONTESSORI,2,13,207 N MESA DR,MESA,4013,13,AZ,4,85201,4805990137,180,7,Yes,,42,16,14,14,10,15,6,2,4,4,,,,,127,85,0,7,37,12,26,3,0,15,11,1,2,1,3,1,0,8.23,43.52,14.11,30.58,3.52,0,5.66,30,MARICOPA,Association Montessori International (AMI),,,,,,,,,,,,,,
A9900129,HI-STAR CENTER FOR CHILDREN,3,13,PO BOX 6466,GLENDALE,4013,13,AZ,4,85312,6025483038,180,6,Yes,,,5,2,2,4,7,6,3,10,6,,,,,45,45,1,1,11,5,25,0,2,7,11,1,4,1,3,1,2.22,2.22,24.44,11.11,55.55,0,4.44,6.42,30,MARICOPA,School does not belong to ANY associations or organizations,,,,,,,,,,,,,,
A2100182,HMAN'SHAWA DAY SCHOOL,2,3,PO BOX 17779,FOUNTAIN HILLS,4013,13,AZ,4,85269,4807897227,180,6.5,No,,20,13,,,,,,,,,,,,,33,13,0,0,0,0,0,13,0,12.9,41,1,7,1,3,4,0,0,0,0,0,100,0,1,30,MARICOPA,School does not belong to ANY associations or organizations,,,,,,,,,,,,,,
33218,HOLBROOK SEVENTH-DAY ADVENTIST INDIAN SCHOOL,6,17,2001 MCLAWS RD,HOLBROOK,4017,17,AZ,4,86025,9285246845,180,8,Yes,,,,2,,,6,2,5,6,8,8,14,4,6,61,61,58,2,0,0,1,0,0,8.9,41,1,1,3,2,4,95.08,3.27,0,0,1.63,0,0,6.85,28,NAVAJO,General Conference of the Seventh-Day Adventist Church (GCSDAC),,,,,,,,,,,,,,
A1100032,HOLY CROSS LUTHERAN SCHOOL,3,14,1420 W THUNDERBIRD RD,PHOENIX,4013,13,AZ,4,85023,6236883141,180,7,Yes,,,1,,,,1,,1,,2,2,,,,7,7,0,0,4,0,3,0,0,1.1,11,1,1,3,2,1,0,0,57.14,0,42.85,0,0,6.36,23,MARICOPA,School does not belong to ANY associations or organizations,,,,,,,,,,,,,,
BB220003,HOLY FAMILY ACADEMY,3,17,2969 N GREENFIELD RD,PHOENIX,4013,13,AZ,4,85016,6024386513,181,7,Yes,,,5,6,7,10,11,8,4,9,10,6,7,3,5,91,91,0,0,10,0,80,0,1,9.9,11,1,1,3,1,1,0,0,10.98,0,87.91,0,1.09,9.19,1,MARICOPA,Other school association(s),,,,,,,,,,,,,,
A0500066,HOPE CHRISTIAN ACADEMY,3,13,1125 N DOBSON RD,CHANDLER,4013,13,AZ,4,85224,4807221445,172,7.33,No,,,15,15,13,14,8,12,12,2,6,,,,,97,97,0,1,6,0,90,0,0,13.9,11,1,1,1,2,1,0,1.03,6.18,0,92.78,0,0,6.97,8,MARICOPA,Association of Christian Schools International (ACSI),,,,,,,,,,,,,,
A2190035,IGNITE LEARNING ACADEMY,2,17,"4848 E CACTUS ROAD, STE 505-897",SCOTTSDALE,4013,13,AZ,4,85254,4806606474,182,6,No,,4,19,19,20,19,23,20,26,23,30,19,9,6,3,240,236,8,32,43,24,125,4,0,18.3,11,1,1,3,3,1,3.38,13.55,18.22,10.16,52.96,1.69,0,12.89,30,MARICOPA,School does not belong to ANY associations or organizations,,,,,,,,,,,,,,
31039,IMMACULATE CONCEPTION CATHOLIC SCHOOL,2,13,501 S AVE B,YUMA,4027,27,AZ,4,85364,9287835225,180,7,Yes,,14,21,18,26,21,28,21,20,26,28,,,,,223,209,0,3,188,2,14,1,1,13.9,13,1,1,1,1,1,0,1.43,89.95,0.95,6.69,0.47,0.47,15.03,1,YUMA,National Catholic Educational Association (NCEA),,,,,,,,,,,,,,
A9100366,IMMACULATE HEART ACADEMY,2,13,410 E MAGEE RD,ORO VALLEY,4019,19,AZ,4,85704,5202976672,180,7.25,Yes,,8,14,10,12,14,18,14,18,22,23,,,,,153,145,0,6,51,1,82,0,5,14.6,21,1,1,1,1,2,0,4.13,35.17,0.68,56.55,0,3.44,9.93,1,PIMA,National Catholic Educational Association (NCEA),,,,,,,,,,,,,,
A1900111,IMMACULATE HEART HIGH SCHOOL,14,17,625 E MAGEE RD,TUCSON,4019,19,AZ,4,85704,5202972851,180,7,Yes,,,,,,,,,,,,19,5,12,14,50,50,0,4,27,0,19,0,0,6.6,21,1,1,2,1,2,0,8,54,0,38,0,0,7.57,1,PIMA,National Catholic Educational Association (NCEA),,,,,,,,,,,,,,
32939,IMMANUEL MISSION SCHOOL,2,13,PO BOX 1080,TEEC NOS POS,4001,1,AZ,4,86514,9284890421,144,7.25,Yes,,5,7,5,7,2,2,4,2,5,4,,,,,43,38,38,0,0,0,0,0,0,6.6,43,1,1,1,2,4,100,0,0,0,0,0,0,5.75,8,APACHE,School does not belong to ANY associations or organizations,,,,,,,,,,,,,,
A1500086,INTERMOUNTAIN ACADEMY,7,17,PO BOX 86537,TUCSON,4019,19,AZ,4,85745,5202322900,180,6.75,Yes,,,,,3,6,8,7,10,11,10,8,10,7,26,106,106,7,4,33,11,50,1,0,10,11,1,4,3,3,1,6.6,3.77,31.13,10.37,47.16,0.94,0,10.6,30,PIMA,School does not belong to ANY associations or organizations,,,,,,,,,,,,,,
A0100541,INTERNATIONAL SCHOOL OF ARIZONA,2,13,9522 E SAN SALVADOR DR,SCOTTSDALE,4013,13,AZ,4,85258,4808742326,180,7.25,Yes,,36,42,29,36,30,30,24,18,15,5,,,,,265,229,,,,,,,,20,12,1,3,1,3,1,,,,,,,,11.45,30,MARICOPA,Other school association(s),,,,,,,,,,,,,,
A0700046,INTERNATIONAL SCHOOL OF TUCSON,3,13,1701 E SENECA ST,TUCSON,4019,19,AZ,4,85719,5204060552,180,7.5,No,,,36,39,26,22,12,7,10,8,3,,,,,163,163,9,3,61,12,72,3,3,20,11,1,3,1,3,1,5.52,1.84,37.42,7.36,44.17,1.84,1.84,8.15,30,PIMA,Other school association(s),,,,,,,,,,,,,,
A2192015,JEWELL SCHOOL,3,13,26015 S MANDARIN,QUEEN CREEK,4013,13,AZ,4,85142,4808051400,180,5.25,Yes,3,,3,2,1,4,3,3,3,3,4,,,,,29,29,0,0,8,1,16,3,1,4.6,21,1,1,1,2,2,0,0,27.58,3.44,55.17,10.34,3.44,6.3,8,MARICOPA,Association of Christian Schools International (ACSI),,,,,,,,,,,,,,
A2190036,JOHN PAUL II CATHOLIC HIGH SCHOOL,14,17,3120 N 137 AVE,AVONDALE,4013,13,AZ,4,85392,6232332777,,6.5,Yes,,,,,,,,,,,,106,74,69,84,333,333,0,23,0,4,288,1,17,24.9,22,1,1,2,1,2,0,6.9,0,1.2,86.48,0.3,5.1,13.37,1,MARICOPA,Other religious school association(s),,,,,,,,,,,,,,
30909,KINO LEARNING CENTER,1,1,6625 N 1ST AVE,TUCSON,4019,19,AZ,4,85718,5202977278,170,6.5,Yes,38,,,,,,,,,,,,,,,38,38,0,0,4,0,34,0,0,9.9,21,1,6,3,3,2,0,0,10.52,0,89.47,0,0,3.83,30,PIMA,School does not belong to ANY associations or organizations,,,,,,,,,,,,,,
BB180049,LEXINGTON LIFE ACADEMY,2,17,4401 S WHITE MOUNTAIN RD,SHOW LOW,4017,17,AZ,4,85901,9283517864,183,6.5,No,,3,5,6,4,4,6,6,11,8,8,5,15,8,7,96,93,7,0,5,2,79,0,0,10,41,1,4,3,3,4,7.52,0,5.37,2.15,84.94,0,0,9.3,30,NAVAJO,School does not belong to ANY associations or organizations,,,,,,,,,,,,,,
A1990019,LEXINGTON LIFE ACADEMY - PHOENIX,3,17,6301 W INDIAN SCHOOL RD,PHOENIX,4013,13,AZ,4,85033,4808261463,171,7,Yes,140,,22,12,5,11,7,13,13,8,7,6,6,21,5,276,276,,,,,,,,13,11,1,4,3,3,1,,,,,,,,21.23,30,MARICOPA,School does not belong to ANY associations or organizations,,,,,,,,,,,,,,
BB220025,LIFE - LAUREN'S INSTITUTE FOR EDUCATION,2,17,1305 S GILBERT RD,GILBERT,4013,13,AZ,4,85296,4806218361,180,6,Yes,21,9,14,23,11,20,11,11,8,11,5,10,7,2,3,166,157,,,,,,,,12,21,1,4,3,3,2,,,,,,,,13.08,30,MARICOPA,School does not belong to ANY associations or organizations,,,,,,,,,,,,,,
A1970269,LITTLE SCHOLARS ACADEMY,2,3,6702 W CHOLLA ST,PEORIA,4013,13,AZ,4,85345,6238893777,187,6,No,,132,5,,,,,,,,,,,,,137,5,0,0,1,1,3,0,0,1,21,1,7,1,3,2,0,0,20,20,60,0,0,5,30,MARICOPA,School does not belong to ANY associations or organizations,,,,,,,,,,,,,,
A0992003,LOGOS CHRISTIAN ACADEMY,3,13,PO BOX 11493,CASA GRANDE,4021,21,AZ,4,85130,5204211220,147,7.33,No,,,18,19,12,15,17,9,9,7,13,,,,,119,119,5,2,28,2,76,0,6,9.4,41,1,1,1,2,4,4.2,1.68,23.52,1.68,63.86,0,5.04,12.65,8,PINAL,American Association of Christian Schools (AACS),Association of Classical Christian Schools (ACCS),,,,,,,,,,,,,
31094,LORETTO CATHOLIC SCHOOL,3,13,1200 E 14TH ST,DOUGLAS,4003,3,AZ,4,85607,5202271755,180,7,Yes,,,21,20,23,17,25,21,28,26,23,,,,,204,204,0,0,202,0,2,0,0,9,33,1,1,1,1,3,0,0,99.01,0,0.98,0,0,22.66,1,COCHISE,School does not belong to ANY associations or organizations,,,,,,,,,,,,,,
30873,LOURDES CATHOLIC SCHOOL,2,17,555 E PATAGONIA HWY,NOGALES,4023,23,AZ,4,85621,5202875659,180,7,No,,20,14,17,20,25,24,33,27,31,21,8,12,10,7,269,249,0,2,245,0,1,0,1,14.6,33,1,1,3,1,3,0,0.8,98.39,0,0.4,0,0.4,17.05,1,SANTA CRUZ,National Catholic Educational Association (NCEA),,,,,,,,,,,,,,
A1990021,LUMOS ARTS ACADEMY,3,17,2055 S POWER RD,MESA,4013,13,AZ,4,85209,4802752212,180,7,No,,,9,8,8,10,6,17,11,18,12,14,23,12,12,160,160,0,0,12,0,148,0,0,18,11,1,3,3,3,1,0,0,7.5,0,92.5,0,0,8.88,30,MARICOPA,Other special emphasis association(s),,,,,,,,,,,,,,
BB220014,MESA CHRISTIAN ACADEMY,3,16,7918 E 1ST AVE,MESA,4013,13,AZ,4,85208,4806411970,175,7,Yes,,,7,2,1,2,3,2,3,5,1,6,,2,,34,34,4,0,9,1,18,0,2,5.1,21,1,1,3,2,2,11.76,0,26.47,2.94,52.94,0,5.88,6.66,8,MARICOPA,Accelerated Christian Education (ACE) (or School of Tomorrow),,,,,,,,,,,,,,
A1900121,MINGUS MOUNTAIN ACADEMY,11,17,PO BOX 26485,PRESCOTT VALLEY,4025,25,AZ,4,86312,6023352022,221,6.5,No,,,,,,,,,3,6,12,22,30,25,17,115,115,12,1,25,16,54,2,5,11,42,2,6,3,3,4,10.43,0.86,21.73,13.91,46.95,1.73,4.34,10.45,30,YAVAPAI,School does not belong to ANY associations or organizations,,,,,,,,,,,,,,
A1392005,MIS MANOS MONTESSORI SCHOOL,3,3,100 W MAGEE RD,TUCSON,4019,19,AZ,4,85704,5204981700,180,7,No,,,2,,,,,,,,,,,,,2,2,0,1,1,0,0,0,0,1,21,1,2,1,3,2,0,50,50,0,0,0,0,2,30,PIMA,School does not belong to ANY associations or organizations,,,,,,,,,,,,,,
A9500113,MONTESSORI CENTER SCHOOL,2,3,8625 N 19TH AVE,PHOENIX,4013,13,AZ,4,85021,6026784470,212,10,No,,58,8,,,,,,,,,,,,,66,8,0,2,1,0,4,0,1,3,11,1,7,1,3,1,0,25,12.5,0,50,0,12.5,2.66,30,MARICOPA,Association Montessori International (AMI),,,,,,,,,,,,,,
A9100398,MONTESSORI CHILDRENS HOUSE,2,9,516 W BETHANY HOME RD,PHOENIX,4013,13,AZ,4,85013,6022640096,190,7,No,,27,8,8,6,1,4,,,,,,,,,54,27,0,1,5,4,16,1,0,7.8,11,1,2,1,3,1,0,3.7,18.51,14.81,59.25,3.7,0,3.46,30,MARICOPA,American Montessori Society (AMS),,,,,,,,,,,,,,
A1300082,MONTESSORI IN THE PARK,2,4,1832 N LITCHFIELD RD,GOODYEAR,4013,13,AZ,4,85395,6235354863,180,7,No,32,43,7,,,,,,,,,,,,,82,39,3,0,8,0,28,0,0,6,22,1,2,1,3,2,7.69,0,20.51,0,71.79,0,0,6.5,30,MARICOPA,School does not belong to ANY associations or organizations,,,,,,,,,,,,,,
31403,MOST HOLY TRINITY CATHOLIC ELEMENTARY SCHOOL,3,13,535 E ALICE AVE,PHOENIX,4013,13,AZ,4,85020,6029439058,180,7.91,Yes,,,16,22,20,18,20,18,9,18,24,,,,,165,165,0,3,143,8,10,1,0,12.9,11,1,1,1,1,1,0,1.81,86.66,4.84,6.06,0.6,0,12.79,1,MARICOPA,National Catholic Educational Association (NCEA),,,,,,,,,,,,,,
A0792004,MOUNTAIN CHRISTIAN SCHOOL,3,13,3171 E SHOW LOW LAKE RD,SHOW LOW,4017,17,AZ,4,85901,9285371050,140,8,No,,,11,14,12,8,12,14,17,10,8,,,,,106,106,13,0,0,1,87,0,5,10.3,33,1,1,1,2,3,12.26,0,0,0.94,82.07,0,4.71,10.29,8,NAVAJO,Association of Christian Schools International (ACSI),,,,,,,,,,,,,,
31651,NATIVE AMERICAN CHRISTIAN ACADEMY,3,17,PO BOX 4013,SUN VALLEY,4017,17,AZ,4,86029,9285246211,185,10,Yes,,,2,2,2,1,7,,3,2,,4,7,1,2,33,33,22,0,5,0,3,0,3,5.6,42,1,1,3,2,4,66.66,0,15.15,0,9.09,0,9.09,5.89,12,NAVAJO,Accelerated Christian Education (ACE) (or School of Tomorrow),Association of Christian Schools International (ACSI),,,,,,,,,,,,,
31753,NAVAJO MISSION PREPARATORY SCHOOL,3,7,1 MISSION LN,ROCK POINT,4001,1,AZ,4,86545,9286594201,180,6,Yes,,,14,11,12,,,,,,,,,,,37,37,,,,,,,,2,43,1,1,1,2,4,,,,,,,,18.5,23,APACHE,Evangelical Lutheran Education Association (ELEA),,,,,,,,,,,,,,
A1170268,NEW COVENANT LUTHERAN CHURCH CHILDREN'S MINISTRY C,2,3,15152 N FRANK LLOYD WRIGHT BLVD,SCOTTSDALE,4013,13,AZ,4,85260,4803911264,120,6,No,,140,18,,,,,,,,,,,,,158,18,0,0,0,0,18,0,0,19.5,12,1,7,1,2,1,0,0,0,0,100,0,0,0.92,20,MARICOPA,School does not belong to ANY associations or organizations,,,,,,,,,,,,,,
BB220016,NEW VISTAS CENTER FOR EDUCATION,2,11,670 N ARIZONA AVE STE 35,CHANDLER,4013,13,AZ,4,85225,4809632313,165,6,No,,150,60,44,44,44,44,30,19,,,,,,,435,285,,,,,,,,41.5,11,1,1,1,3,1,,,,,,,,6.86,30,MARICOPA,National Association for the Education of Young Children (NAEYC),,,,,,,,,,,,,,
31811,NEW WAY ACADEMY,6,17,5048 E OAK ST,PHOENIX,4013,13,AZ,4,85008,6023898600,180,7,Yes,,,,3,2,13,10,23,22,19,30,35,40,24,38,259,259,1,8,21,11,218,0,0,43.3,11,1,4,3,3,1,0.38,3.08,8.1,4.24,84.16,0,0,5.98,30,MARICOPA,National Association of Independent Schools (NAIS),,,,,,,,,,,,,,
A0507074,NOAHS ARK PRESCHOOL AND KINDERGARTEN,2,4,2745 N 32ND ST,MESA,4013,13,AZ,4,85213,4803250687,183,6,No,,46,6,,,,,,,,,,,,,52,6,0,0,0,1,5,0,0,2,11,1,7,1,2,1,0,0,0,16.66,83.33,0,0,3,21,MARICOPA,Evangelical Lutheran Education Association (ELEA),,,,,,,,,,,,,,
A1500093,NOOR ACADEMY OF ARIZONA,3,13,1130 W 23RD ST,TEMPE,4013,13,AZ,4,85282,4808291443,180,6.83,Yes,,,8,6,12,7,9,8,8,9,1,,,,,68,68,0,20,1,40,0,0,7,8,12,1,1,1,2,1,0,29.41,1.47,58.82,0,0,10.29,8.5,17,MARICOPA,Islamic School League of America (ISLA),,,,,,,,,,,,,,
A0970036,NORTH PHOENIX BAPTIST CHURCH PRESCHOOL,2,3,5757 N CENTRAL AVE,PHOENIX,4013,13,AZ,4,85012,6027075821,240,10.5,Yes,,153,10,,,,,,,,,,,,,163,10,0,1,3,1,5,0,0,1.6,11,1,7,1,2,1,0,10,30,10,50,0,0,6.25,8,MARICOPA,Association of Christian Schools International (ACSI),,,,,,,,,,,,,,
A0900120,NORTH VALLEY CHRISTAIN ACADEMY,2,17,33655 N 27TH DR,PHOENIX,4013,13,AZ,4,85085,6235513454,176,7.08,No,,61,51,38,41,23,34,35,27,41,39,48,32,25,15,510,449,3,10,31,11,371,5,18,25.1,11,1,1,3,2,1,0.66,2.22,6.9,2.44,82.62,1.11,4,17.88,20,MARICOPA,Association of Christian Schools International (ACSI),Other religious school association(s),,,,,,,,,,,,,
A1500095,NORTHLAND CHRISTIAN SCHOOL,3,17,8000 N US HIGHWAY 89,FLAGSTAFF,4005,5,AZ,4,86004,9285260327,170,7,Yes,,,13,7,14,11,10,9,8,3,8,4,3,2,1,93,93,9,1,18,0,55,6,4,8,41,1,1,3,2,4,9.67,1.07,19.35,0,59.13,6.45,4.3,11.62,5,COCONINO,American Association of Christian Schools (AACS),,,,,,,,,,,,,,
A0900142,NORTHMINSTER CHRISTIAN SCHOOL,2,3,2450 E FORT LOWELL RD,TUCSON,4019,19,AZ,4,85719,5203272321,170,5.5,Yes,,32,5,,,,,,,,,,,,,37,5,0,0,2,1,2,0,0,1,11,1,7,1,2,1,0,0,40,20,40,0,0,5,27,PIMA,Association of Christian Schools International (ACSI),,,,,,,,,,,,,,
A0300071,NOTRE DAME PREPARATORY,14,17,9701 E BELL RD,SCOTTSDALE,4013,13,AZ,4,85260,4806348200,180,6.5,No,,,,,,,,,,,,258,227,188,190,863,863,2,23,94,10,721,8,5,66.3,12,1,1,2,1,1,0.23,2.66,10.89,1.15,83.54,0.92,0.57,13.01,1,MARICOPA,National Catholic Educational Association (NCEA),,,,,,,,,,,,,,
31232,OUR LADY OF MOUNT CARMEL SCHOOL,3,13,2117 S RURAL RD,TEMPE,4013,13,AZ,4,85282,4809675567,,6.75,Yes,,,47,50,40,40,56,51,40,54,37,,,,,415,415,,,,,,,,18,12,1,1,1,1,1,,,,,,,,23.05,1,MARICOPA,National Catholic Educational Association (NCEA),,,,,,,,,,,,,,
31243,OUR LADY OF PERPETUAL HELP CATHOLIC SCHOOL,2,13,3801 N MILLER RD,SCOTTSDALE,4013,13,AZ,4,85251,4808743721,180,7,Yes,,30,25,27,24,30,32,34,28,36,36,,,,,302,272,8,5,54,10,194,1,0,22,12,1,1,1,1,1,2.94,1.83,19.85,3.67,71.32,0.36,0,12.36,1,MARICOPA,National Catholic Educational Association (NCEA),,,,,,,,,,,,,,
31469,OUR LADY OF PERPETUAL HELP CATHOLIC SCHOOL,2,13,7521 N 57TH AVE,GLENDALE,4013,13,AZ,4,85301,6239317288,180,7.5,Yes,,37,18,34,36,38,36,44,34,30,30,,,,,337,300,5,4,235,11,19,0,26,18,21,1,1,1,1,2,1.66,1.33,78.33,3.66,6.33,0,8.66,16.66,1,MARICOPA,National Catholic Educational Association (NCEA),,,,,,,,,,,,,,
A1992116,OUR LADY OF SORROW ACADEMY,3,17,750 E BASELINE RD,PHOENIX,4013,13,AZ,4,85042,6023057183,180,6.75,Yes,,,11,13,11,10,10,6,10,6,8,9,5,4,3,106,106,0,3,46,5,52,0,0,13.8,11,1,1,3,1,1,0,2.83,43.39,4.71,49.05,0,0,7.68,1,MARICOPA,School does not belong to ANY associations or organizations,,,,,,,,,,,,,,
A1700077,OUR LADY OF THE LAKE CATHOLIC SCHOOL,2,10,1975 DAYTONA AVE,LAKE HAVASU CITY,4015,15,AZ,4,86403,9288550154,180,7,No,,19,9,16,13,16,10,7,,,,,,,,90,71,0,2,42,0,21,0,6,5,13,1,1,1,1,1,0,2.81,59.15,0,29.57,0,8.45,14.2,1,MOHAVE,National Catholic Educational Association (NCEA),,,,,,,,,,,,,,
BB220026,OUR LADY OF THE SUN CATHOLIC CHURCH,6,17,12546 W PEORIA AVE,EL MIRAGE,4013,13,AZ,4,85335,6232135478,180,7.5,Yes,,,,2,4,5,2,3,2,4,2,4,3,5,2,38,38,0,6,11,0,18,0,3,5.1,21,1,1,3,1,2,0,15.78,28.94,0,47.36,0,7.89,7.45,1,MARICOPA,School does not belong to ANY associations or organizations,,,,,,,,,,,,,,
30931,OUR MOTHER OF SORROWS CATHOLIC SCHOOL,2,13,1800 S KOLB RD,TUCSON,4019,19,AZ,4,85710,5207471027,180,7.16,Yes,15,33,25,27,28,33,21,28,32,36,38,,,,,316,283,0,3,138,7,127,0,8,17.6,11,1,3,1,1,1,0,1.06,48.76,2.47,44.87,0,2.82,16.07,1,PIMA,National Catholic Educational Association (NCEA),National Association for the Education of Young Children (NAEYC),,,,,,,,,,,,,
A1970279,PALM VALLEY MONTESSORI L L C,2,9,629 N SARIVAL AVE,GOODYEAR,4013,13,AZ,4,85338,6239869516,195,7.25,No,,32,10,2,10,6,2,,,,,,,,,62,30,0,9,6,0,5,2,8,8.5,22,1,2,1,3,2,0,30,20,0,16.66,6.66,26.66,3.52,30,MARICOPA,American Montessori Society (AMS),Association Montessori International (AMI),Other Montessori association(s),,,,,,,,,,,,
31695,PARADISE VALLEY CHRISTIAN PREPARATORY,2,17,11875 N 24TH ST,PHOENIX,4013,13,AZ,4,85028,6025098583,180,7,Yes,,24,33,15,18,25,17,25,14,32,28,22,18,16,22,309,285,6,21,36,11,202,2,7,28,11,1,1,3,2,1,2.1,7.36,12.63,3.85,70.87,0.7,2.45,10.17,8,MARICOPA,Association of Christian Schools International (ACSI),Other school association(s),,,,,,,,,,,,,
A0500080,PARDES JEWISH DAY SCHOOL,3,13,12753 N SCOTTSDALE RD,SCOTTSDALE,4013,13,AZ,4,85254,4809919141,170,7.16,No,,,40,29,39,31,31,40,29,34,24,,,,,297,297,0,2,9,0,274,0,12,41.5,12,1,1,1,2,1,0,0.67,3.03,0,92.25,0,4.04,7.15,18,MARICOPA,Prizmah: Center for Jewish Day Schools (PRIZMAH),Other school association(s),,,,,,,,,,,,,
A2100200,PATHWAYS SCHOOL,3,17,1540 N BURK ST,GILBERT,4013,13,AZ,4,85234,4802597788,180,6,No,,,8,5,10,18,15,10,10,10,6,10,8,3,4,117,117,0,2,8,3,101,0,3,14.3,21,1,4,3,3,2,0,1.7,6.83,2.56,86.32,0,2.56,8.18,30,MARICOPA,School does not belong to ANY associations or organizations,,,,,,,,,,,,,,
A9500134,PAYSON COMMUNITY CHRISTIAN SCHOOL,2,13,1000 E FRONTIER ST,PAYSON,4007,7,AZ,4,85541,9284748050,144,7.5,Yes,,39,15,17,14,12,8,7,7,7,2,,,,,128,89,6,1,12,0,70,0,0,7,33,1,1,1,2,3,6.74,1.12,13.48,0,78.65,0,0,12.71,29,GILA,Association of Christian Schools International (ACSI),,,,,,,,,,,,,,
2001895,PERIDOT-OUR SAVIOR'S LUTHERAN ELEMENTARY SCHOOL,3,13,PO BOX 118,PERIDOT,4007,7,AZ,4,85542,9284757537,175,7,Yes,,,19,17,17,21,17,16,14,14,13,,,,,148,148,146,0,0,0,2,0,0,8.9,41,1,1,1,2,4,98.64,0,0,0,1.35,0,0,16.62,20,GILA,School does not belong to ANY associations or organizations,,,,,,,,,,,,,,
31731,PHOENIX CHRISTIAN PREPARATORY SCHOOL,2,17,1751 W INDIAN SCHOOL RD,PHOENIX,4013,13,AZ,4,85015,6022654707,180,7,Yes,,76,28,21,32,23,30,24,38,31,41,55,44,38,53,534,458,13,10,228,83,124,0,0,27.5,11,1,1,3,2,1,2.83,2.18,49.78,18.12,27.07,0,0,16.65,29,MARICOPA,Association of Christian Schools International (ACSI),,,,,,,,,,,,,,
A2100201,PHOENIX HEBREW ACADEMY,2,13,515 E BETHANY HOME RD,PHOENIX,4013,13,AZ,4,85012,6022777479,174,8,No,,33,9,8,18,8,12,14,19,15,12,,,,,148,115,0,0,0,0,115,0,0,29.3,11,1,1,1,2,1,0,0,0,0,100,0,0,3.92,18,MARICOPA,National Society for Hebrew Day Schools (Torah Umesorah),,,,,,,,,,,,,,
A2100205,PIECEFUL SOLUTIONS LLC,3,17,"5222 E BASELINE RD, STE 108",GILBERT,4013,13,AZ,4,85234,4803094792,172,6.83,No,,,5,3,3,3,2,8,9,19,17,24,13,29,34,169,169,,,,,,,,15,21,1,4,3,3,2,,,,,,,,11.26,30,MARICOPA,School does not belong to ANY associations or organizations,,,,,,,,,,,,,,
AA900003,PILGRIM LUTHERAN SCHOOL,2,13,3257 E UNIVERSITY DR,MESA,4013,13,AZ,4,85213,4808301724,174,7,Yes,,17,4,7,8,6,7,3,5,5,7,,,,,69,52,1,0,0,1,50,0,0,5.6,11,1,1,1,2,1,1.92,0,0,1.92,96.15,0,0,9.28,22,MARICOPA,School does not belong to ANY associations or organizations,,,,,,,,,,,,,,
A9900142,PLEASANTVIEW CHRISTIAN ELEMENTARY SCHOOL,3,13,PO BOX 8459,PHOENIX,4013,13,AZ,4,85066,6022767815,160,8,No,1,,4,5,6,7,8,4,6,6,9,,,,,56,56,0,2,30,8,4,0,12,5,11,1,1,1,2,1,0,3.57,53.57,14.28,7.14,0,21.42,11.2,8,MARICOPA,School does not belong to ANY associations or organizations,,,,,,,,,,,,,,
BB200014,PRESCOTT ADVENTIST CHRISTIAN SCHOOL,3,13,2980 WILLOW CREEK RD,PRESCOTT,4025,25,AZ,4,86301,9282248022,180,7,Yes,,,3,6,4,,4,3,2,1,2,,,,,25,25,0,0,5,3,12,0,5,2,13,1,1,1,2,1,0,0,20,12,48,0,20,12.5,8,YAVAPAI,General Conference of the Seventh-Day Adventist Church (GCSDAC),,,,,,,,,,,,,,
31662,PRIMAVERA SCHOOL,2,10,1446 MOYER RD,PRESCOTT,4025,25,AZ,4,86303,9284455382,180,6.16,No,,40,26,14,16,8,9,7,,,,,,,,120,80,0,1,1,0,75,1,2,8.8,13,1,1,1,3,1,0,1.25,1.25,0,93.75,1.25,2.5,9.09,30,YAVAPAI,Other special emphasis association(s),,,,,,,,,,,,,,
A1970283,PRIMROSE SCHOOL AT TATUM,2,3,4747 E DYNAMITE BLVD,CAVE CREEK,4013,13,AZ,4,85331,4805132900,190,7,No,,30,27,,,,,,,,,,,,,57,27,2,0,2,1,21,0,1,4.3,11,1,7,1,3,1,7.4,0,7.4,3.7,77.77,0,3.7,6.27,30,MARICOPA,School does not belong to ANY associations or organizations,,,,,,,,,,,,,,
A1300085,PRIMROSE SCHOOL OF ARROWHEAD,2,3,7619 W THUNDERBIRD RD,PEORIA,4013,13,AZ,4,85381,6234879600,190,7,Yes,,33,10,,,,,,,,,,,,,43,10,0,1,3,2,4,0,0,1,21,1,7,1,3,2,0,10,30,20,40,0,0,10,30,MARICOPA,School does not belong to ANY associations or organizations,,,,,,,,,,,,,,
A0100497,PUSCH RIDGE CHRISTIAN ACADEMY GRAMMAR,3,10,6450 N CAMINO MIRAVAL,TUCSON,4019,19,AZ,4,85718,5207970107,180,6.58,Yes,,,43,30,36,35,28,31,,,,,,,,203,203,4,10,20,5,150,2,12,17,21,1,1,1,2,2,1.97,4.92,9.85,2.46,73.89,0.98,5.91,11.94,27,PIMA,Association of Christian Schools International (ACSI),,,,,,,,,,,,,,
A0100609,PUSCH RIDGE CHRISTIAN ACADEMY UPPER SCHOOL,11,17,9500 N ORACLE RD,TUCSON,4019,19,AZ,4,85704,5207970107,176,6.66,Yes,,,,,,,,,65,73,86,99,106,91,71,591,591,2,9,84,11,446,0,39,47.4,41,1,1,3,2,4,0.33,1.52,14.21,1.86,75.46,0,6.59,12.46,27,PIMA,Association of Christian Schools International (ACSI),,,,,,,,,,,,,,
A0900150,QUALITY INTERACTIVE MONTESSORI SCHOOL,2,3,38424 N SPUR CROSS RD,CAVE CREEK,4013,13,AZ,4,85331,4805955280,183,7,Yes,38,45,18,,,,,,,,,,,,,101,56,0,1,4,1,50,0,0,5.5,11,1,2,1,3,1,0,1.78,7.14,1.78,89.28,0,0,10.18,30,MARICOPA,American Montessori Society (AMS),,,,,,,,,,,,,,
BB220028,QUEEN OF ALL SAINTS ACADEMY,6,17,12252 N 111TH AVE,YOUNGTOWN,4013,13,AZ,4,85363,3522321570,180,5,Yes,,,,5,3,3,4,5,5,5,6,4,4,3,4,51,51,0,1,32,0,18,0,0,15.3,21,1,1,3,1,2,0,1.96,62.74,0,35.29,0,0,3.33,1,MARICOPA,Other religious school association(s),Other school association(s),,,,,,,,,,,,,
31185,QUEEN OF PEACE CATHOLIC SCHOOL,2,13,141 N MACDONALD,MESA,4013,13,AZ,4,85201,4809690226,181,7,Yes,,17,20,20,17,23,21,21,26,23,26,,,,,214,197,1,4,177,1,9,5,0,13.3,11,1,1,1,1,1,0.5,2.03,89.84,0.5,4.56,2.53,0,14.81,1,MARICOPA,National Catholic Educational Association (NCEA),,,,,,,,,,,,,,
A9500140,RAINBOW MONTESSORI SCHOOL - CACTUS,2,3,6520 E CACTUS RD,SCOTTSDALE,4013,13,AZ,4,85254,4809980024,152,6,No,,46,3,,,,,,,,,,,,,49,3,0,0,0,0,,0,0,3,11,1,2,1,3,1,0,0,0,0,,0,0,1,30,MARICOPA,American Montessori Society (AMS),Association Montessori International (AMI),Other Montessori association(s),,,,,,,,,,,,
A1900134,RANCHO SOLANO PRIVATE SCHOOL-GREENWAY CAMPUS,2,17,5656 E GREENWAY RD,SCOTTSDALE,4013,13,AZ,4,85254,6029967002,180,7,No,,90,45,51,37,36,32,36,47,47,46,45,47,45,35,639,549,5,18,10,11,492,2,11,108.1,11,1,1,3,3,1,0.91,3.27,1.82,2,89.61,0.36,2,5.07,30,MARICOPA,National Independent Private Schools Association (NIPSA),,,,,,,,,,,,,,
A1300087,RED SANDS CHRISTIAN SCHOOL,3,13,502 AIRPORT RD,WINSLOW,4017,17,AZ,4,86047,9282899221,180,6.5,Yes,,,8,6,7,4,5,7,9,2,3,,,,,51,51,34,0,2,0,12,0,3,4.8,33,1,1,1,2,3,66.66,0,3.92,0,23.52,0,5.88,10.62,8,NAVAJO,Association of Christian Schools International (ACSI),,,,,,,,,,,,,,
A9500142,REDEEMER CHRISTIAN SCHOOL,3,17,719 N STAPLEY DR,MESA,4013,13,AZ,4,85203,4809625003,180,7,Yes,,,8,7,13,7,6,6,12,8,11,4,4,6,1,93,93,11,2,22,4,49,1,4,12,11,1,3,3,2,1,11.82,2.15,23.65,4.3,52.68,1.07,4.3,7.75,7,MARICOPA,Association of Christian Schools International (ACSI),Association of Classical Christian Schools (ACCS),Christian Schools International (CSI),,,,,,,,,,,,
32622,REDEEMER LUTHERAN SCHOOL,2,13,8845 N SILVERBELL RD,TUCSON,4019,19,AZ,4,85743,5205728136,177,6.5,Yes,,56,25,17,12,10,8,11,12,9,9,,,,,169,113,2,2,10,4,89,0,6,6.6,21,1,1,1,2,2,1.76,1.76,8.84,3.53,78.76,0,5.3,17.12,22,PIMA,Other religious school association(s),,,,,,,,,,,,,,
A2100206,RENAISSANCE ACADEMY TUCSON,8,17,4064 E 22ND ST,TUCSON,4019,19,AZ,4,85711,5205495800,180,7.5,Yes,2,,,,,2,2,3,1,4,4,2,1,2,8,31,31,1,1,7,8,14,0,0,5,11,1,4,3,3,1,3.22,3.22,22.58,25.8,45.16,0,0,6.2,30,PIMA,School does not belong to ANY associations or organizations,,,,,,,,,,,,,,
A0100613,RESURRECTION LUTHERAN CHILD DEVELOPMENT CENTER,2,3,11575 N 1ST AVE,ORO VALLEY,4019,19,AZ,4,85737,5205751521,200,6,Yes,,75,10,,,,,,,,,,,,,85,10,0,0,0,0,10,0,0,1,21,1,7,1,2,2,0,0,0,0,100,0,0,10,23,PIMA,Evangelical Lutheran Education Association (ELEA),,,,,,,,,,,,,,
A2100207,RISE RESOURCE CENTER,3,17,301 N WILLARD ST,COTTONWOOD,4025,25,AZ,4,86326,6232166996,180,6,Yes,,,1,,,3,4,4,4,6,6,6,4,2,6,46,46,2,0,11,0,33,0,0,3,32,1,4,3,3,3,4.34,0,23.91,0,71.73,0,0,15.33,30,YAVAPAI,School does not belong to ANY associations or organizations,,,,,,,,,,,,,,
A1900137,RISEN SAVIOR LUTHERAN SCHOOL,2,3,23914 S ALMA SCHOOL RD,CHANDLER,4013,13,AZ,4,85248,4808021505,130,7.5,Yes,,79,13,,,,,,,,,,,,,92,13,0,0,1,0,12,0,0,1,21,1,7,1,2,2,0,0,7.69,0,92.3,0,0,13,20,MARICOPA,National Association for the Education of Young Children (NAEYC),Other school association(s),,,,,,,,,,,,,
A1970288,SACRED HEART CATHOLIC SCHOOL,2,13,207 W OAK ST,NOGALES,4023,23,AZ,4,85621,5202872223,180,7,No,,22,15,15,17,13,19,22,27,17,20,,,,,187,165,0,1,157,2,5,0,0,9.9,33,1,1,1,1,3,0,0.6,95.15,1.21,3.03,0,0,16.66,1,SANTA CRUZ,Other religious school association(s),,,,,,,,,,,,,,
31254,SACRED HEART CATHOLIC SCHOOL,2,13,131 N SUMMIT AVE,PRESCOTT,4025,25,AZ,4,86301,9284452621,182,7.25,Yes,,14,12,11,9,13,11,14,13,9,13,,,,,119,105,3,0,34,2,39,0,27,11.4,13,1,1,1,1,1,2.85,0,32.38,1.9,37.14,0,25.71,9.21,1,YAVAPAI,National Catholic Educational Association (NCEA),,,,,,,,,,,,,,
A2100208,SACRED HEART SCHOOL,3,13,207 W OAK ST,NOGALES,4023,23,AZ,4,85621,5202872223,183,7,No,,,16,16,17,14,19,22,27,18,20,,,,,169,169,0,0,165,2,2,0,0,11.4,33,1,1,1,1,3,0,0,97.63,1.18,1.18,0,0,14.82,1,SANTA CRUZ,Other special emphasis association(s),,,,,,,,,,,,,,
A0700052,SAGUARO HILLS ADVENTIST CHRISTIAN SCHOOL,3,13,4280 W IRVINGTON RD,TUCSON,4019,19,AZ,4,85746,5203251454,180,7,No,,,6,5,3,1,3,3,4,1,1,,,,,27,27,4,0,16,3,4,0,0,2,41,1,1,1,2,4,14.81,0,59.25,11.11,14.81,0,0,13.5,28,PIMA,Other religious school association(s),Other special emphasis association(s),Other school association(s),,,,,,,,,,,,
30942,SALPOINTE CATHOLIC HIGH SCHOOL,14,17,1545 E COPPER ST,TUCSON,4019,19,AZ,4,85719,5205474467,180,7,Yes,,,,,,,,,,,,324,330,303,296,1253,1253,24,18,515,32,566,1,97,77.3,11,1,1,2,1,1,1.91,1.43,41.1,2.55,45.17,0.07,7.74,16.2,1,PIMA,National Catholic Educational Association (NCEA),Other religious school association(s),,,,,,,,,,,,,
A0500087,SAN MIGUEL HIGH SCHOOL,14,17,6601 S SAN FERNANDO RD,TUCSON,4019,19,AZ,4,85756,5202946403,184,7.98,Yes,,,,,,,,,,,,109,86,81,79,355,355,0,1,333,5,10,6,0,22.9,11,1,1,2,1,1,0,0.28,93.8,1.4,2.81,1.69,0,15.5,1,PIMA,National Catholic Educational Association (NCEA),Other religious school association(s),,,,,,,,,,,,,
A2100209,SAN PEDRO VALLEY ACADEMY,14,17,6107 E GRANT RD,TUCSON,4003,3,AZ,4,85712,5204579057,248,6.58,No,,,,,,,,,,,,3,16,11,3,33,33,0,3,2,1,22,0,5,5,42,3,6,2,3,4,0,9.09,6.06,3.03,66.66,0,15.15,6.6,30,COCHISE,Other school association(s),,,,,,,,,,,,,,
30953,SAN XAVIER MISSION SCHOOL,3,13,1980 W SAN XAVIER RD,TUCSON,4019,19,AZ,4,85746,5202940628,180,7,Yes,,,8,7,10,7,12,8,7,10,15,,,,,84,84,62,0,12,4,6,0,0,10.3,41,1,1,1,1,4,73.8,0,14.28,4.76,7.14,0,0,8.15,1,PIMA,National Catholic Educational Association (NCEA),,,,,,,,,,,,,,
30964,SANTA CRUZ CATHOLIC SCHOOL,3,13,29 W 22ND ST,TUCSON,4019,19,AZ,4,85713,5206242093,180,7,Yes,,,9,10,10,18,11,18,17,23,19,,,,,135,135,0,0,135,0,0,0,0,9,11,1,1,1,1,1,0,0,100,0,0,0,0,15,1,PIMA,National Catholic Educational Association (NCEA),,,,,,,,,,,,,,
A0507089,SATORI,2,6,3801 N 1ST AVE,TUCSON,4019,19,AZ,4,85719,5208874003,180,6.5,Yes,,13,6,7,,,,,,,,,,,,26,13,0,1,4,1,7,0,0,4.5,11,1,1,1,3,1,0,7.69,30.76,7.69,53.84,0,0,2.88,30,PIMA,National Association for the Education of Young Children (NAEYC),,,,,,,,,,,,,,
A1970291,SCOTTSDALE CHILD CARE AND LEARNING CENTER,2,4,13831 N 94TH ST,SCOTTSDALE,4013,13,AZ,4,85260,4808609500,,10,No,,76,154,,,,,,,,,,,,,230,154,0,11,0,24,95,12,12,37.3,12,1,-1,1,2,1,0,7.14,0,15.58,61.68,7.79,7.79,4.12,8,MARICOPA,School does not belong to ANY associations or organizations,,,,,,,,,,,,,,
32677,SCOTTSDALE CHRISTIAN ACADEMY,3,17,14400 N TATUM BLVD,PHOENIX,4013,13,AZ,4,85032,6029925100,180,7,Yes,,,55,66,66,65,65,72,77,75,72,63,75,40,73,864,864,3,17,31,27,775,2,9,64.1,11,1,1,3,2,1,0.34,1.96,3.58,3.12,89.69,0.23,1.04,13.47,8,MARICOPA,Association of Christian Schools International (ACSI),,,,,,,,,,,,,,
A9700191,SECOND STREET CHILDRENS SCHOOL,2,3,2430 E 2ND ST,TUCSON,4019,19,AZ,4,85719,5203272124,178,6,No,,56,14,,,,,,,,,,,,,70,14,0,0,1,0,8,0,5,2.9,11,1,7,1,3,1,0,0,7.14,0,57.14,0,35.71,4.82,30,PIMA,School does not belong to ANY associations or organizations,,,,,,,,,,,,,,
A1592150,SEDONA SKY ACADEMY,12,17,PO BOX 230,RIMROCK,4025,25,AZ,4,86335,9285671322,180,6.08,Yes,,,,,,,,,,2,4,6,5,3,2,22,22,0,0,3,0,17,0,2,4,41,2,6,2,3,4,0,0,13.63,0,77.27,0,9.09,5.5,30,YAVAPAI,National Independent Private Schools Association (NIPSA),Other school association(s),,,,,,,,,,,,,
31491,SETON CATHOLIC PREPARATORY HIGH SCHOOL,14,17,1150 N DOBSON RD,CHANDLER,4013,13,AZ,4,85224,4809631900,180,7,Yes,,,,,,,,,,,,141,129,135,139,544,544,0,0,208,0,336,0,0,53.5,11,1,1,2,1,1,0,0,38.23,0,61.76,0,0,10.16,1,MARICOPA,National Catholic Educational Association (NCEA),,,,,,,,,,,,,,
A1170278,SHEARIM TORAH HIGH SCHOOL,14,17,715 E SIERRA VISTA DR,PHOENIX,4013,13,AZ,4,85014,6023243406,180,8.16,Yes,,,,,,,,,,,,11,18,6,14,49,49,0,0,1,0,48,0,0,11.6,11,2,1,2,2,1,0,0,2.04,0,97.95,0,0,4.22,18,MARICOPA,National Society for Hebrew Day Schools (Torah Umesorah),Prizmah: Center for Jewish Day Schools (PRIZMAH),,,,,,,,,,,,,
A2100211,SHEARIM TORAH HIGH SCHOOL,14,17,715 E SIERRA VISTA DR,PHOENIX,4013,13,AZ,4,85014,6023243406,165,8.16,Yes,,,,,,,,,,,,11,18,6,14,49,49,0,0,0,0,49,0,0,8.8,11,2,3,2,2,1,0,0,0,0,100,0,0,5.56,18,MARICOPA,School does not belong to ANY associations or organizations,,,,,,,,,,,,,,
K9300078,SHEPHERD OF THE DESERT LUTHERAN SCHOOL,4,4,9400 E MOUNTAIN VIEW RD,SCOTTSDALE,4013,13,AZ,4,85258,4808600488,169,6.25,No,,,9,,,,,,,,,,,,,9,9,0,0,0,0,7,0,2,1.1,12,1,7,1,2,1,0,0,0,0,77.77,0,22.22,8.18,20,MARICOPA,Other religious school association(s),,,,,,,,,,,,,,
A1700080,SIERRA ACADEMY OF SCOTTSDALE,7,17,9128 E SAN SALVADOR DR,SCOTTSDALE,4013,13,AZ,4,85258,4807678659,180,6.5,Yes,,,,,4,1,4,4,4,,1,9,3,5,6,41,41,2,1,4,2,31,0,1,8,12,1,4,3,3,1,4.87,2.43,9.75,4.87,75.6,0,2.43,5.12,30,MARICOPA,School does not belong to ANY associations or organizations,,,,,,,,,,,,,,
A2100214,SIERRA SCHOOL GILBERT,3,17,875 S COOPER RD,GILBERT,4013,13,AZ,4,85233,4804560942,180,6,Yes,2,,1,3,1,,1,4,2,2,1,4,4,3,1,29,29,0,3,2,1,23,0,0,4,21,1,4,3,3,2,0,10.34,6.89,3.44,79.31,0,0,7.25,30,MARICOPA,School does not belong to ANY associations or organizations,,,,,,,,,,,,,,
A1500073,SIERRA SCHOOL OF PEORIA,6,17,8155 W THUNDERBIRD RD,PEORIA,4013,13,AZ,4,85381,6232091000,180,8,No,,,,1,2,2,5,2,11,10,9,10,11,7,16,86,86,0,0,20,9,51,0,6,9,21,1,4,3,3,2,0,0,23.25,10.46,59.3,0,6.97,9.55,30,MARICOPA,School does not belong to ANY associations or organizations,,,,,,,,,,,,,,
A0507092,SONSHINE CHRISTIAN SCHOOL,2,10,1916 N FRANK REED RD,NOGALES,4023,23,AZ,4,85621,5202810356,180,6.5,Yes,,34,8,8,7,13,11,11,,,,,,,,92,58,0,0,57,0,1,0,0,6.9,33,1,1,1,2,3,0,0,98.27,0,1.72,0,0,8.4,5,SANTA CRUZ,Association of Christian Schools International (ACSI),,,,,,,,,,,,,,
A0700053,SOUTHWEST INDIAN SCHOOLS/LIVING WORD ACADEMY,3,15,PO BOX 2927,SELLS,4013,13,AZ,4,85634,5203838424,180,6,Yes,,,1,,,,,,,1,2,2,2,,,8,8,8,0,0,0,0,0,0,2,21,1,1,3,2,2,100,0,0,0,0,0,0,4,8,MARICOPA,Accelerated Christian Education (ACE) (or School of Tomorrow),,,,,,,,,,,,,,
A1900145,SOUTHWESTERN ACADEMY,11,17,2800 MONTEREY RD,SAN MARINO,4025,25,CA,4,91108,6267995010,177,8.66,Yes,,,,,,,,,6,11,19,18,18,19,22,113,113,7,29,22,13,34,3,5,16.5,42,1,1,3,3,4,6.19,25.66,19.46,11.5,30.08,2.65,4.42,6.84,30,YAVAPAI,State or regional independent school association,The Association of Boarding Schools (TABS),,,,,,,,,,,,,
A9700195,SOUTHWESTERN CHRISTIAN SCHOOL,3,13,3261 S AVE 6 E,YUMA,4027,27,AZ,4,85365,9287263086,179,7,Yes,,,19,36,36,20,20,16,26,20,20,,,,,213,213,6,2,46,3,136,1,19,13.6,13,1,1,1,2,1,2.81,0.93,21.59,1.4,63.84,0.46,8.92,15.66,8,YUMA,Association of Christian Schools International (ACSI),,,,,,,,,,,,,,
A1300090,SPONDEO PRESCHOOL,2,3,2680 S VAL VISTA DR STE 157,GILBERT,4013,13,AZ,4,85295,4803743911,230,8,No,,92,3,,,,,,,,,,,,,95,3,0,0,0,0,3,0,0,2,21,1,2,1,3,2,0,0,0,0,100,0,0,1.5,30,MARICOPA,School does not belong to ANY associations or organizations,,,,,,,,,,,,,,
31389,SS SIMON AND JUDE CATHEDRAL SCHOOL,2,13,6351 N 27TH AVE,PHOENIX,4013,13,AZ,4,85017,6022421299,180,6.75,Yes,,27,42,38,47,43,55,43,51,65,49,,,,,460,433,2,40,237,10,140,0,4,28.9,11,1,1,1,1,1,0.46,9.23,54.73,2.3,32.33,0,0.92,14.98,1,MARICOPA,National Catholic Educational Association (NCEA),,,,,,,,,,,,,,
31378,ST AGNES CATHOLIC SCHOOL,3,13,2311 E PALM LN,PHOENIX,4013,13,AZ,4,85006,6022440349,180,7.75,Yes,,,52,16,24,18,22,24,16,13,17,,,,,202,202,5,2,32,9,124,0,30,12.9,11,1,1,1,1,1,2.47,0.99,15.84,4.45,61.38,0,14.85,15.65,1,MARICOPA,National Catholic Educational Association (NCEA),,,,,,,,,,,,,,
A2100222,ST AMBROSE SCHOOL,2,13,300 S TUCSON BLVD,TUCSON,4019,19,AZ,4,85716,5208828678,180,7.75,No,,9,21,15,25,16,16,25,22,22,24,,,,,195,186,2,0,183,1,0,0,0,10.4,11,1,1,1,1,1,1.07,0,98.38,0.53,0,0,0,17.88,1,PIMA,National Catholic Educational Association (NCEA),Other religious school association(s),,,,,,,,,,,,,
A9500149,ST ANDREW'S PRESCHOOL & KINDERGARTEN,2,3,7650 N PASEO DEL NORTE,TUCSON,4019,19,AZ,4,85704,5207422969,175,5.5,Yes,,145,20,,,,,,,,,,,,,165,20,0,3,2,0,15,0,0,3.5,21,1,7,1,2,2,0,15,10,0,75,0,0,5.71,27,PIMA,School does not belong to ANY associations or organizations,,,,,,,,,,,,,,
31108,ST ANTHONY OF PADUA CATHOLIC SCHOOL,2,13,501 E 2ND ST,CASA GRANDE,4021,21,AZ,4,85122,5207886227,180,7.25,Yes,,20,12,11,13,14,19,19,17,13,17,,,,,155,135,1,1,110,4,19,0,0,10.9,13,1,1,1,1,1,0.74,0.74,81.48,2.96,14.07,0,0,12.38,1,PINAL,National Catholic Educational Association (NCEA),,,,,,,,,,,,,,
A0100595,ST ANTHONY OF PADUA SCHOOL,2,13,501 E 2ND ST,CASA GRANDE,4021,21,AZ,4,85122,5207886227,180,7.25,Yes,,20,12,11,13,14,19,19,17,13,17,,,,,155,135,1,1,110,4,19,0,0,10.9,13,1,1,1,1,1,0.74,0.74,81.48,2.96,14.07,0,0,12.38,1,PINAL,National Catholic Educational Association (NCEA),,,,,,,,,,,,,,
A0700054,ST ANTHONY SCHOOL,2,13,PO BOX 789,SHOW LOW,4017,17,AZ,4,85902,9285374497,178,7,No,,19,18,16,16,18,14,15,16,12,11,,,,,155,136,25,1,29,1,71,0,9,10.5,33,1,1,1,1,3,18.38,0.73,21.32,0.73,52.2,0,6.61,12.95,1,NAVAJO,National Catholic Educational Association (NCEA),,,,,,,,,,,,,,
A0700055,ST AUGUSTINE CATHOLIC HIGH SCHOOL,14,17,8800 E 22ND ST,TUCSON,4019,19,AZ,4,85710,5207518300,180,7,No,,,,,,,,,,,,57,77,63,61,258,258,5,0,154,5,54,0,40,21.9,11,1,1,2,1,1,1.93,0,59.68,1.93,20.93,0,15.5,11.78,1,PIMA,National Catholic Educational Association (NCEA),,,,,,,,,,,,,,
31367,ST CATHERINE OF SIENA CATHOLIC SCHOOL,2,13,6413 S CENTRAL AVE,PHOENIX,4013,13,AZ,4,85042,6022762241,180,7,No,,21,21,19,16,25,24,19,17,18,16,,,,,196,175,0,2,163,6,4,0,0,9,11,1,1,1,1,1,0,1.14,93.14,3.42,2.28,0,0,19.44,1,MARICOPA,Other religious school association(s),,,,,,,,,,,,,,
30884,ST CHARLES APACHE MISSION SCHOOL,3,11,PO BOX 339,SAN CARLOS,4007,7,AZ,4,85550,9284752449,183,8,No,,,21,17,23,19,17,16,13,,,,,,,126,126,126,0,0,0,0,0,0,10,33,1,1,1,1,3,100,0,0,0,0,0,0,12.6,1,GILA,School does not belong to ANY associations or organizations,,,,,,,,,,,,,,
A2100223,ST DOMINIC SAVIO ACADEMY,2,4,550 W WARNER RD,CHANDLER,4013,13,AZ,4,85225,4806595456,206,6.5,Yes,26,11,6,,,,,,,,,,,,,43,32,,,4,2,,,,3,11,1,4,1,3,1,,,12.5,6.25,,,,10.66,30,MARICOPA,School does not belong to ANY associations or organizations,,,,,,,,,,,,,,
A1900147,ST ELIZABETH ANN SETON SCHOOL,2,13,8650 N SHANNON RD,TUCSON,4019,19,AZ,4,85742,5202197629,180,7,Yes,,51,25,29,32,32,30,33,28,36,36,,,,,332,281,0,12,156,4,106,0,3,20.9,21,1,1,1,1,2,0,4.27,55.51,1.42,37.72,0,1.06,13.44,1,PIMA,National Catholic Educational Association (NCEA),Other school association(s),,,,,,,,,,,,,
31061,ST FRANCIS OF ASSISI SCHOOL,2,13,700 W 18TH ST,YUMA,4027,27,AZ,4,85364,9287821539,180,7.25,Yes,,13,23,25,25,26,26,26,30,27,25,,,,,246,233,1,3,137,3,81,4,4,12,13,1,1,1,1,1,0.42,1.28,58.79,1.28,34.76,1.71,1.71,19.41,1,YUMA,National Catholic Educational Association (NCEA),,,,,,,,,,,,,,
31345,ST GREGORY ELEMENTARY SCHOOL,2,13,3440 N 18TH AVE,PHOENIX,4013,13,AZ,4,85015,6022669527,180,6.75,Yes,,35,25,34,41,40,34,32,37,41,34,,,,,353,318,2,9,260,14,29,0,4,19.4,11,1,1,1,1,1,0.62,2.83,81.76,4.4,9.11,0,1.25,16.39,1,MARICOPA,National Catholic Educational Association (NCEA),,,,,,,,,,,,,,
A1990034,ST GREGORY SCHOOL,2,13,3440 N 18TH AVE,PHOENIX,4013,13,AZ,4,85015,6022669527,180,6.5,Yes,,38,26,34,41,40,34,32,37,41,34,,,,,357,319,3,10,251,16,34,0,5,19.4,11,1,1,1,1,1,0.94,3.13,78.68,5.01,10.65,0,1.56,16.44,1,MARICOPA,School does not belong to ANY associations or organizations,,,,,,,,,,,,,,
31334,ST JEROME ELEMENTARY SCHOOL,2,13,10815 N 35TH AVE,PHOENIX,4013,13,AZ,4,85029,6029425644,180,7.5,Yes,,19,42,20,20,21,10,15,17,25,25,,,,,214,195,0,14,115,10,50,1,5,11,11,1,1,1,1,1,0,7.17,58.97,5.12,25.64,0.51,2.56,17.72,1,MARICOPA,National Catholic Educational Association (NCEA),,,,,,,,,,,,,,
A0500090,ST JOHN BOSCO CATHOLIC,2,13,16035 S 48TH ST,PHOENIX,4013,13,AZ,4,85048,4802194848,180,7.16,Yes,,51,37,41,48,41,28,20,40,18,33,,,,,357,306,7,16,106,5,151,2,19,17.9,11,1,1,1,1,1,2.28,5.22,34.64,1.63,49.34,0.65,6.2,17.09,1,MARICOPA,National Catholic Educational Association (NCEA),,,,,,,,,,,,,,
A2190044,ST JOHN PAUL II CATHOLIC HIGH SCHOOL,14,17,3120 N 137TH AVE,AVONDALE,4013,13,AZ,4,85392,6232332777,183,6.5,Yes,,,,,,,,,,,,106,74,69,84,333,333,0,23,235,4,53,1,17,24.6,22,1,1,2,1,2,0,6.9,70.57,1.2,15.91,0.3,5.1,13.53,1,MARICOPA,Other religious school association(s),,,,,,,,,,,,,,
A2100224,ST JOHN PAUL II ROMAN CATHOLIC HIGH SCHOOL,14,17,3120 N 137TH AVE,AVONDALE,4013,13,AZ,4,85392,6232332777,182,6.5,Yes,,,,,,,,,,,,106,74,69,84,333,333,0,22,237,4,52,1,17,27.6,22,1,3,2,1,2,0,6.6,71.17,1.2,15.61,0.3,5.1,12.06,1,MARICOPA,School does not belong to ANY associations or organizations,,,,,,,,,,,,,,
31006,ST JOHN THE EVANGELIST CATHOLIC SCHOOL,3,13,600 W AJO WAY,TUCSON,4019,19,AZ,4,85713,5206243865,190,7.33,No,,,38,47,36,44,50,31,45,48,36,,,,,375,375,3,0,368,2,2,0,0,21.6,11,1,1,1,1,1,0.8,0,98.13,0.53,0.53,0,0,17.36,1,PIMA,National Catholic Educational Association (NCEA),,,,,,,,,,,,,,
A9500150,ST JOHN VIANNEY CATHOLIC SCHOOL,2,13,539 E LA PASADA BLVD,GOODYEAR,4013,13,AZ,4,85338,6239322434,180,7,Yes,,61,50,42,44,40,47,46,50,43,46,,,,,469,408,0,1,368,7,21,1,10,18,22,1,1,1,1,2,0,0.24,90.19,1.71,5.14,0.24,2.45,22.66,1,MARICOPA,National Catholic Educational Association (NCEA),,,,,,,,,,,,,,
A0100608,ST JOHN XXIII CATHOLIC SCHOOL COMMUNITY,2,13,16235 N 60TH ST,SCOTTSDALE,4013,13,AZ,4,85254,4809050939,180,7.25,Yes,,24,58,58,64,65,65,66,70,70,68,,,,,608,584,0,9,23,5,521,1,25,28.8,11,1,1,1,1,1,0,1.54,3.93,0.85,89.21,0.17,4.28,20.27,1,MARICOPA,National Catholic Educational Association (NCEA),Other religious school association(s),,,,,,,,,,,,,
A1900148,ST JOSEPH CATHOLIC SCHOOL,3,3,215 S CRAYCROFT RD,TUCSON,4019,19,AZ,4,85711,5207473060,180,7,Yes,,,22,,,,,,,,,,,,,22,22,0,0,17,1,4,0,0,13.6,11,1,7,1,1,1,0,0,77.27,4.54,18.18,0,0,1.61,1,PIMA,School does not belong to ANY associations or organizations,,,,,,,,,,,,,,
31458,ST LOUIS THE KING SCHOOL,2,13,4331 W MARYLAND AVE,GLENDALE,4013,13,AZ,4,85301,6239394264,180,7.25,Yes,,17,13,22,24,20,22,23,18,28,26,,,,,213,196,5,40,129,16,4,0,2,11.6,21,1,1,1,1,2,2.55,20.4,65.81,8.16,2.04,0,1.02,16.89,1,MARICOPA,National Catholic Educational Association (NCEA),,,,,,,,,,,,,,
A9703929,ST MARKS EARLY CHILDHOOD CENTER,2,3,1431 W MAGEE RD,TUCSON,4019,19,AZ,4,85704,5207972925,175,5,Yes,,40,12,,,,,,,,,,,,,52,12,0,0,1,0,11,0,0,1.9,21,1,7,1,2,2,0,0,8.33,0,91.66,0,0,6.31,25,PIMA,School does not belong to ANY associations or organizations,,,,,,,,,,,,,,
31301,ST MARY'S CATHOLIC HIGH SCHOOL,14,17,2525 N 3RD ST,PHOENIX,4013,13,AZ,4,85004,6022512503,180,6.75,Yes,,,,,,,,,,,,141,117,116,113,487,487,29,6,362,32,56,2,0,34.9,11,1,1,2,1,1,5.95,1.23,74.33,6.57,11.49,0.41,0,13.95,1,MARICOPA,National Catholic Educational Association (NCEA),Other special emphasis association(s),,,,,,,,,,,,,
31505,ST MARY-BASHA CATHOLIC SCHOOL,2,13,200 W GALVESTON ST,CHANDLER,4013,13,AZ,4,85225,4809634951,176,7.5,Yes,,33,28,32,39,40,29,48,51,42,48,,,,,390,357,3,2,120,1,212,4,15,33.9,11,1,1,1,1,1,0.84,0.56,33.61,0.28,59.38,1.12,4.2,10.53,1,MARICOPA,National Catholic Educational Association (NCEA),,,,,,,,,,,,,,
A9300033,ST MICHAEL'S PARISH DAY SCHOOL,3,13,602 N WILMOT RD,TUCSON,4019,19,AZ,4,85711,5207228478,174,7.5,No,,,21,27,29,28,30,36,35,31,33,,,,,270,270,0,10,73,11,176,0,0,34.5,11,1,1,1,2,1,0,3.7,27.03,4.07,65.18,0,0,7.82,14,PIMA,National Association of Episcopal Schools (NAES),Other religious school association(s),State or regional independent school association,,,,,,,,,,,,
32961,ST MICHAELS ASSOC FOR SP ED,12,17,PO BOX 100,SAINT MICHAELS,4001,1,AZ,4,86511,9288712810,217,7,No,1,,,,,,,,,2,2,2,1,2,4,14,14,14,0,0,0,0,0,0,1,41,1,4,2,3,4,100,0,0,0,0,0,0,14,30,APACHE,School does not belong to ANY associations or organizations,,,,,,,,,,,,,,
A0100636,ST PETER'S EPISCOPAL MONTESSORI SCHOOL,3,11,400 S OLD LITCHFIELD RD,LITCHFIELD PARK,4013,13,AZ,4,85340,6239357737,180,7,No,,,14,5,5,6,1,,1,,,,,,,32,32,0,2,10,2,16,0,2,4,22,1,2,1,2,2,0,6.25,31.25,6.25,50,0,6.25,8,14,MARICOPA,Other religious school association(s),Association Montessori International (AMI),,,,,,,,,,,,,
31298,ST THERESA CATHOLIC SCHOOL,2,13,5001 E THOMAS RD,PHOENIX,4013,13,AZ,4,85018,6028400010,180,7,Yes,,25,58,41,38,36,29,34,35,41,45,,,,,382,357,0,4,38,4,281,0,30,31.4,11,1,1,1,1,1,0,1.12,10.64,1.12,78.71,0,8.4,11.36,1,MARICOPA,National Catholic Educational Association (NCEA),,,,,,,,,,,,,,
BB220032,ST THOMAS AQUINAS GRADE SCHOOL,3,13,13720 W THOMAS RD,AVONDALE,4013,13,AZ,4,85392,6239350945,,,,,,38,47,50,48,51,50,48,49,47,,,,,428,428,3,34,187,2,130,0,72,22.5,22,1,1,1,1,2,0.7,7.94,43.69,0.46,30.37,0,16.82,19.02,1,MARICOPA,School does not belong to ANY associations or organizations,,,,,,,,,,,,,,
31287,ST THOMAS THE APOSTLE SCHOOL,2,13,4510 N 24TH ST,PHOENIX,4013,13,AZ,4,85016,6029549088,185,7,No,,61,47,61,57,49,58,56,62,50,51,,,,,552,491,1,14,149,2,294,2,29,28.8,11,1,1,1,1,1,0.2,2.85,30.34,0.4,59.87,0.4,5.9,17.04,1,MARICOPA,National Catholic Educational Association (NCEA),,,,,,,,,,,,,,
A0304005,ST TIMOTHY CATHOLIC SCHOOL,3,13,2520 S ALMA SCHOOL RD,MESA,4013,13,AZ,4,85210,4807752650,180,7,Yes,,,20,21,22,14,22,15,11,15,18,,,,,158,158,2,45,22,3,79,1,6,13.3,11,1,1,1,1,1,1.26,28.48,13.92,1.89,50,0.63,3.79,11.87,1,MARICOPA,National Catholic Educational Association (NCEA),,,,,,,,,,,,,,
31276,ST VINCENT DE PAUL CATHOLIC ELEMENTARY SCHOOL,2,13,3130 N 51ST AVE,PHOENIX,4013,13,AZ,4,85031,6232478595,180,7,Yes,,32,41,54,45,41,57,56,52,61,56,,,,,495,463,1,1,450,1,8,0,2,22,11,1,1,1,1,1,0.21,0.21,97.19,0.21,1.72,0,0.43,21.04,1,MARICOPA,National Catholic Educational Association (NCEA),,,,,,,,,,,,,,
BB220017,STRONG FOUNDATIONS ACADEMY,2,3,985 W CHANDLER HEIGHTS RD # 4,CHANDLER,4013,13,AZ,4,85248,4807383346,180,6,No,,52,9,,,,,,,,,,,,,61,9,0,0,0,0,2,0,7,1,11,1,7,1,3,1,0,0,0,0,22.22,0,77.77,9,30,MARICOPA,School does not belong to ANY associations or organizations,,,,,,,,,,,,,,
A1970300,SUNRISE MONTESSORI SCHOOL SOUTH,2,3,14233 N 47TH AVE,GLENDALE,4013,13,AZ,4,85306,6028436053,172,6,No,,20,5,,,,,,,,,,,,,25,5,0,1,0,0,4,0,0,3,11,1,2,1,3,1,0,20,0,0,80,0,0,1.66,30,MARICOPA,School does not belong to ANY associations or organizations,,,,,,,,,,,,,,
A1500108,TANQUE VERDE LUTHERAN PRESCHOOL & KINDERGARTEN,2,3,8625 E TANQUE VERDE RD,TUCSON,4019,19,AZ,4,85749,5207491738,180,6,Yes,,111,19,,,,,,,,,,,,,130,19,1,1,4,0,12,1,0,1.8,11,1,7,1,2,1,5.26,5.26,21.05,0,63.15,5.26,0,10.55,8,PIMA,School does not belong to ANY associations or organizations,,,,,,,,,,,,,,
2002312,TEMPE MONTESSORI SCHOOL LTD,2,10,410 S EL DORADO,MESA,4013,13,AZ,4,85202,4809667606,183,6.5,Yes,60,60,20,6,,2,2,3,,,,,,,,153,93,0,0,5,3,85,0,0,3,11,1,2,1,3,1,0,0,5.37,3.22,91.39,0,0,31,30,MARICOPA,Association Montessori International (AMI),,,,,,,,,,,,,,
A1900152,THE ALEXANDRIA ACADEMY,8,17,13940 W MEEKER BLVD # 115/ # 180,SUN CITY WEST,4013,13,AZ,4,85375,8186197779,180,4,No,6,,,,,1,1,1,,,,,,,1,10,10,0,0,2,0,2,0,6,1.8,21,1,6,3,3,2,0,0,20,0,20,0,60,5.55,30,MARICOPA,School does not belong to ANY associations or organizations,,,,,,,,,,,,,,
A2100228,THE BRIDGE SCHOOL,3,17,13185 W THOMAS RD,GOODYEAR,4013,13,AZ,4,85395,7139742066,,6,No,,,2,,2,1,,1,2,4,5,23,23,8,10,81,81,,,,,,,,10,22,1,1,3,3,2,,,,,,,,8.1,30,MARICOPA,School does not belong to ANY associations or organizations,,,,,,,,,,,,,,
A0507103,THE FAMILY SCHOOL,2,3,1127 W MCDOWELL RD,PHOENIX,4013,13,AZ,4,85007,6022525866,183,6,No,,43,14,,,,,,,,,,,,,57,14,0,0,8,1,5,0,0,2.3,11,1,7,1,3,1,0,0,57.14,7.14,35.71,0,0,6.08,30,MARICOPA,National Association for the Education of Young Children (NAEYC),,,,,,,,,,,,,,
A0500095,THE FOUNDATION FOR BLIND CHILDREN,2,9,1234 E NORTHERN AVE,PHOENIX,4013,13,AZ,4,85020,6023311470,180,5.58,Yes,,50,5,18,5,3,2,,,,,,,,,83,33,1,0,15,0,17,0,0,12.4,11,1,4,1,3,1,3.03,0,45.45,0,51.51,0,0,2.66,30,MARICOPA,School does not belong to ANY associations or organizations,,,,,,,,,,,,,,
A1970305,THE GODDARD SCHOOL,2,3,13235 W THOMAS RD BLDG A,GOODYEAR,4013,13,AZ,4,85395,6235368185,230,7,No,,139,13,,,,,,,,,,,,,152,13,0,0,3,2,8,0,0,1,22,1,7,1,3,2,0,0,23.07,15.38,61.53,0,0,13,30,MARICOPA,School does not belong to ANY associations or organizations,,,,,,,,,,,,,,
2004047,THE GREGORY SCHOOL,10,17,3231 N CRAYCROFT RD,TUCSON,4019,19,AZ,4,85712,5203276395,175,6.66,Yes,,,,,,,,23,46,53,54,40,49,28,41,334,334,1,19,32,9,209,0,64,48.4,11,1,1,3,3,1,0.29,5.68,9.58,2.69,62.57,0,19.16,6.9,30,PIMA,National Association of Independent Schools (NAIS),Other school association(s),,,,,,,,,,,,,
A1790024,THE JONES-GORDON SCHOOL,6,17,4800 E DOUBLETREE RANCH RD,PARADISE VALLEY,4013,13,AZ,4,85253,4805635588,181,6.75,Yes,,,,3,9,12,11,12,16,16,14,11,14,14,14,146,146,,,,,,,,25.6,21,1,4,3,3,2,,,,,,,,5.7,30,MARICOPA,School does not belong to ANY associations or organizations,,,,,,,,,,,,,,
BB220019,THE UNITED SCHOOL OF AUTISM,6,16,9590 E SHEA BLVD BLDG C,SCOTTSDALE,4013,13,AZ,4,85260,4808601339,180,6.75,Yes,,,,8,8,8,8,8,8,7,6,4,4,2,,71,71,0,1,3,2,60,1,4,20,12,1,4,3,3,1,0,1.4,4.22,2.81,84.5,1.4,5.63,3.55,30,MARICOPA,Other special emphasis association(s),Other school association(s),,,,,,,,,,,,,
33331,THUNDERBIRD ADVENTIST ACADEMY,14,17,7410 E SUTTON DR,SCOTTSDALE,4013,13,AZ,4,85260,4809483300,180,8,Yes,,,,,,,,,,,,36,27,33,30,126,126,3,10,56,10,35,0,12,9.9,12,1,1,2,2,1,2.38,7.93,44.44,7.93,27.77,0,9.52,12.72,28,MARICOPA,General Conference of the Seventh-Day Adventist Church (GCSDAC),,,,,,,,,,,,,,
AA000211,THUNDERBIRD CHRISTIAN ELEMENTARY SCHOOL,3,13,7440 E SUTTON DR,SCOTTSDALE,4013,13,AZ,4,85260,4809916705,180,7,Yes,,,7,6,5,9,10,10,6,12,15,,,,,80,80,0,6,30,5,35,4,0,5,12,1,1,1,2,1,0,7.5,37.5,6.25,43.75,5,0,16,28,MARICOPA,General Conference of the Seventh-Day Adventist Church (GCSDAC),,,,,,,,,,,,,,
A1500113,TORAH DAY SCHOOL OF PHOENIX,2,13,1118 W GLENDALE AVE,PHOENIX,4013,13,AZ,4,85021,6023743062,180,8.5,Yes,,98,31,40,28,32,43,25,38,33,34,,,,,402,304,0,0,3,1,300,0,0,28,11,1,1,1,2,1,0,0,0.98,0.32,98.68,0,0,10.85,18,MARICOPA,National Society for Hebrew Day Schools (Torah Umesorah),Other school association(s),,,,,,,,,,,,,
32859,TRI-CITY CHRISTIAN ACADEMY,3,17,2211 W GERMANN RD,CHANDLER,4013,13,AZ,4,85286,4802457902,168,7.5,Yes,,,20,22,18,20,22,23,18,24,14,12,12,20,10,235,235,0,30,50,15,140,0,0,21,11,1,1,3,2,1,0,12.76,21.27,6.38,59.57,0,0,11.19,5,MARICOPA,American Association of Christian Schools (AACS),,,,,,,,,,,,,,
A0500098,TRINITY CHRISTIAN SCHOOL,3,17,1077 MOGOLLON RD,PRESCOTT,4025,25,AZ,4,86301,9284456306,177,7,Yes,,,36,35,36,37,39,41,48,34,32,31,29,24,22,444,444,0,3,42,7,392,0,0,33.1,13,1,1,3,2,1,0,0.67,9.45,1.57,88.28,0,0,13.41,8,YAVAPAI,Association of Christian Schools International (ACSI),,,,,,,,,,,,,,
K9300086,TRINITY LUTHERAN SCHOOL,2,13,830 E PLZ CIR,LITCHFIELD PARK,4013,13,AZ,4,85340,6239354690,178,8,Yes,,238,37,29,28,27,18,20,18,15,21,,,,,451,213,3,14,27,9,135,5,20,14.4,22,1,1,1,2,2,1.4,6.57,12.67,4.22,63.38,2.34,9.38,14.79,20,MARICOPA,Other religious school association(s),Other school association(s),,,,,,,,,,,,,
A1592152,TUCSON BAPTIST ACADEMY,3,16,1525 S COLUMBUS BLVD,TUCSON,4019,19,AZ,4,85711,5204291569,178,7,Yes,,,26,14,18,9,14,9,14,7,9,3,,1,,124,124,0,3,37,18,64,2,0,10,11,1,1,3,2,1,0,2.41,29.83,14.51,51.61,1.61,0,12.4,5,PIMA,School does not belong to ANY associations or organizations,,,,,,,,,,,,,,
A1900154,TUCSON HEBREW ACADEMY,3,13,3888 E RIVER RD,TUCSON,4019,19,AZ,4,85718,5205293888,170,7.5,Yes,,,13,9,11,14,12,18,16,8,13,,,,,114,114,0,4,89,14,7,0,0,21.3,11,1,1,1,2,1,0,3.5,78.07,12.28,6.14,0,0,5.35,18,PIMA,Prizmah: Center for Jewish Day Schools (PRIZMAH),,,,,,,,,,,,,,
A0100515,TUCSON WALDORF SCHOOL,2,13,3605 E RIVER RD,TUCSON,4019,19,AZ,4,85718,5205291032,176,6.75,Yes,17,40,20,18,22,15,20,10,18,12,13,,,,,205,165,2,11,34,6,104,0,8,25.9,21,1,3,1,3,2,1.21,6.66,20.6,3.63,63.03,0,4.84,6.37,30,PIMA,Association of Waldorf Schools of North America (AWSNA),Other special emphasis association(s),,,,,,,,,,,,,
A9700217,UNITED CHRISTIAN SCHOOL,2,13,PO BOX 3126,CAMP VERDE,4025,25,AZ,4,86322,9285670415,147,7.5,Yes,,41,20,19,10,14,8,16,9,5,4,,,,,146,105,5,4,14,2,79,1,0,8,32,1,1,1,2,3,4.76,3.8,13.33,1.9,75.23,0.95,0,13.12,8,YAVAPAI,Association of Christian Schools International (ACSI),,,,,,,,,,,,,,
A2100231,VALIANT COLLEGE PREPARATORY,11,17,3024 E FILLMORE ST,PHOENIX,4013,13,AZ,4,85008,4807585223,180,8,No,,,,,,,,,5,14,18,8,10,3,5,63,63,0,5,46,2,10,0,0,7.4,11,1,1,3,3,1,0,7.93,73.01,3.17,15.87,0,0,8.51,30,MARICOPA,Other special emphasis association(s),,,,,,,,,,,,,,
BB220021,VALLEY CHRISTIAN ELEMENTARY SCHOOL,3,17,6304 S PRICE RD,TEMPE,4013,13,AZ,4,85283,4809007100,180,7.5,Yes,65,,65,65,65,64,64,64,64,64,64,64,64,64,64,900,900,,,,,,,,70.4,12,1,1,3,2,1,,,,,,,,12.78,8,MARICOPA,Association of Christian Schools International (ACSI),,,,,,,,,,,,,,
BB220022,VALLEY CHRISTIAN JR HIGH SCHOOL,12,13,1005 E GUADALUPE RD,TEMPE,4013,13,AZ,4,85283,4809007100,180,6.16,No,,,,,,,,,,72,47,,,,,119,119,,,,,,,,9.9,12,1,1,2,2,1,,,,,,,,12.02,8,MARICOPA,Association of Christian Schools International (ACSI),,,,,,,,,,,,,,
2003327,VALLEY CHRISTIAN SCHOOLS,3,17,6900 W GALVESTON ST,CHANDLER,4013,13,AZ,4,85226,4807058888,180,7.16,Yes,,,40,50,51,50,47,50,46,72,46,117,129,110,92,900,900,4,20,127,22,674,1,52,58.9,11,1,1,3,2,1,0.44,2.22,14.11,2.44,74.88,0.11,5.77,15.28,8,MARICOPA,Association of Christian Schools International (ACSI),Christian Schools International (CSI),,,,,,,,,,,,,
A9100470,VALLEY LUTHERAN HIGH SCHOOL,14,17,5199 N 7TH AVE,PHOENIX,4013,13,AZ,4,85013,6022301600,180,7,No,,,,,,,,,,,,31,36,29,38,134,134,5,15,21,4,87,0,2,17.6,11,1,1,2,2,1,3.73,11.19,15.67,2.98,64.92,0,1.49,7.61,20,MARICOPA,Other religious school association(s),,,,,,,,,,,,,,
BB200022,VERDE CHRISTIAN ACADEMY,2,13,102 S WILLARD ST,COTTONWOOD,4025,25,AZ,4,86326,9286348113,150,7.5,Yes,,38,21,16,21,21,20,19,13,19,18,,,,,206,168,0,0,33,1,127,2,5,11.8,32,1,1,1,2,3,0,0,19.64,0.59,75.59,1.19,2.97,14.23,8,YAVAPAI,Association of Christian Schools International (ACSI),,,,,,,,,,,,,,
32156,VERDE VALLEY SCHOOL,14,17,3511 VERDE VALLEY SCHOOL RD,SEDONA,4025,25,AZ,4,86351,9282842272,195,10,No,,,,,,,,,,,,24,31,31,29,115,115,3,12,10,5,55,0,30,17.5,41,1,1,2,3,4,2.6,10.43,8.69,4.34,47.82,0,26.08,6.57,30,YAVAPAI,National Association of Independent Schools (NAIS),The Association of Boarding Schools (TABS),,,,,,,,,,,,,
A1700085,VERITAS ACADEMY OF TUCSON,3,17,2151 N PALO VERDE BLVD,TUCSON,4019,19,AZ,4,85716,5205760427,170,7,No,,,17,21,16,19,19,19,14,24,10,11,6,,9,185,185,0,2,35,4,144,0,0,17.4,11,1,3,3,2,1,0,1.08,18.91,2.16,77.83,0,0,10.63,29,PIMA,Association of Christian Schools International (ACSI),Association of Classical Christian Schools (ACCS),Christian Schools International (CSI),,,,,,,,,,,,
A0100657,VERITAS CHRISTIAN COMMUNITY SCHOOL,3,17,215 TAYLOR DR,SIERRA VISTA,4003,3,AZ,4,85635,5204171113,180,7,No,,,13,8,10,11,9,12,7,17,12,11,9,3,6,128,128,1,1,10,5,70,0,41,13.9,13,1,1,3,2,1,0.78,0.78,7.81,3.9,54.68,0,32.03,9.2,8,COCHISE,Association of Classical Christian Schools (ACCS),,,,,,,,,,,,,,
A2100232,VICTORY AUTISM ACADEMY,3,16,1781 N CENTRAL AVE,GOODYEAR,4013,13,AZ,4,85338,6232488624,185,6.5,No,,,15,20,14,17,22,12,7,12,8,6,1,1,,135,135,0,0,30,10,90,0,5,11,22,1,4,3,3,2,0,0,22.22,7.4,66.66,0,3.7,12.27,30,MARICOPA,School does not belong to ANY associations or organizations,,,,,,,,,,,,,,
A0900159,VILLE DE MARIE ACADEMY,3,17,8524 E THOMAS RD,SCOTTSDALE,4013,13,AZ,4,85251,4809479441,178,7.25,No,,,18,18,17,17,18,17,18,18,18,20,15,15,13,222,222,4,6,10,4,174,6,18,15.6,12,1,1,3,1,1,1.8,2.7,4.5,1.8,78.37,2.7,8.1,14.23,1,MARICOPA,Other school association(s),,,,,,,,,,,,,,
A0900160,VISION CHRISTIAN ACADEMY,2,17,13419 W OCOTILLO RD,GLENDALE,4013,13,AZ,4,85307,1623396752,180,6.5,Yes,,2,5,2,2,5,4,,5,1,,3,1,3,3,36,34,0,2,17,0,15,0,0,7.4,22,1,1,3,2,2,0,5.88,50,0,44.11,0,0,4.59,5,MARICOPA,American Association of Christian Schools (AACS),,,,,,,,,,,,,,
A0900147,WEST VALLEY CHRISTAIN SCHOOL,3,13,16260 W VAN BUREN ST,GOODYEAR,4013,13,AZ,4,85338,6232342100,143,7,Yes,,,34,31,29,35,27,21,22,31,16,,,,,246,246,5,3,51,4,153,0,30,21.3,22,1,1,1,2,2,2.03,1.21,20.73,1.62,62.19,0,12.19,11.54,8,MARICOPA,Association of Christian Schools International (ACSI),,,,,,,,,,,,,,
A9100477,WICKENBURG CHRISTIAN ACADEMY,2,17,260 W YAVAPAI ST,WICKENBURG,4013,13,AZ,4,85390,9286845916,139,7.5,No,,37,13,16,18,16,16,9,15,16,13,6,4,7,6,192,155,1,2,35,0,117,0,0,23.4,32,1,1,3,2,3,0.64,1.29,22.58,0,75.48,0,0,6.62,8,MARICOPA,School does not belong to ANY associations or organizations,,,,,,,,,,,,,,
A1970309,WILKINS LEARNING CENTER,2,3,730 S COOPER RD STE C,GILBERT,4013,13,AZ,4,85233,4808132796,181,5.5,No,,118,12,,,,,,,,,,,,,130,12,0,0,0,1,10,0,1,1,21,1,7,1,3,2,0,0,0,8.33,83.33,0,8.33,12,30,MARICOPA,School does not belong to ANY associations or organizations,,,,,,,,,,,,,,
31265,XAVIER COLLEGE PREPARATORY,14,17,4710 N 5TH ST,PHOENIX,4013,13,AZ,4,85012,6022773772,180,7,Yes,,,,,,,,,,,,277,304,280,261,1122,1122,12,46,241,25,717,6,75,79,11,2,1,2,1,1,1.06,4.09,21.47,2.22,63.9,0.53,6.68,14.2,1,MARICOPA,National Catholic Educational Association (NCEA),Other religious school association(s),,,,,,,,,,,,,
A1500117,YESHIVA HIGH SCHOOL OF ARIZONA,14,17,7045 N 12TH ST,PHOENIX,4013,13,AZ,4,85020,6022661213,181,10.25,Yes,,,,,,,,,,,,10,9,5,7,31,31,0,0,0,0,31,0,0,8.9,11,3,1,2,2,1,0,0,0,0,100,0,0,3.48,18,MARICOPA,National Society for Hebrew Day Schools (Torah Umesorah),,,,,,,,,,,,,,
A0300075,YOUTH DEVELOPMENT INSTITUTE,12,17,1830 E ROOSEVELT ST,PHOENIX,4013,13,AZ,4,85006,6022565350,216,6.25,Yes,,,,,,,,,,1,7,9,22,21,8,68,68,11,0,17,9,30,0,1,7,11,1,6,2,3,1,16.17,0,25,13.23,44.11,0,1.47,9.71,30,MARICOPA,Other association(s) for exceptional children,,,,,,,,,,,,,,
A1700088,YUMA ADVENTIST CHRISTIAN SCHOOL,3,13,1681 S 6TH AVE,YUMA,4027,27,AZ,4,85364,9287830457,180,7.5,Yes,,,2,2,,2,1,6,2,5,3,,,,,23,23,4,1,13,2,3,0,0,2,13,1,1,1,2,1,17.39,4.34,56.52,8.69,13.04,0,0,11.5,28,YUMA,General Conference of the Seventh-Day Adventist Church (GCSDAC),,,,,,,,,,,,,,
A0300076,YUMA CATHOLIC HIGH SCHOOL,14,17,2100 W 28TH ST,YUMA,4027,27,AZ,4,85364,9283177914,180,7,No,,,,,,,,,,,,135,124,113,116,488,488,1,9,301,7,141,0,29,28.3,13,1,1,2,1,1,0.2,1.84,61.68,1.43,28.89,0,5.94,17.24,1,YUMA,National Catholic Educational Association (NCEA),,,,,,,,,,,,,,
32043,YUMA LUTHERAN SCHOOL,2,13,2555 S ENGLER AVE,YUMA,4027,27,AZ,4,85365,9287268410,170,7,Yes,,24,48,48,48,48,48,57,48,48,48,,,,,465,441,5,4,67,3,362,0,0,24.6,13,1,1,1,2,1,1.13,0.9,15.19,0.68,82.08,0,0,17.92,20,YUMA,Association of Christian Schools International (ACSI),Other religious school association(s),Other school association(s),,,,,,,,,,,,